_id,closure_id,permit_id,permit_type,work_description,work_type,applicant_name,contractor_name,special_instructions,weekday_hours,weekend_hours,from_date,to_date,active,primary_street,from_street,to_street,full_closure,travel_lane,parking_lane,metered_parking,sidewalk,segment_num,total_segments,roadway_id,geometry,wkt
1,DOMI-GEN-2022-09644-1,DOMI-GEN-2022-09644,GENERAL PERMIT,"PENNDOT TO PERFORM ROADWAY IMPROVEMENTS ON 2ND AVE, BETWEEN MIDDLE ACCESS DRIVE TO THE HOT METAL BRIDGE.",,COREY POTETZ,,,,,7/18/22,,,SECOND AVE,TECHNOLOGY DR,HOT METAL ST BRG,f,f,f,f,f,1,2,10547,"[[40.43114382, -79.95920595], [40.43097012, -79.95895591], [40.43077347, -79.95870783], [40.43073735, -79.95866263], [40.43053802, -79.9584158], [40.43033772, -79.95817029], [40.43013221, -79.95793225], [40.43002965, -79.95782011]]","LINESTRING (40.43114382 -79.95920595, 40.43097012 -79.95895591, 40.43077347 -79.95870783, 40.43073735 -79.95866263, 40.43053802 -79.9584158, 40.43033772 -79.95817029, 40.43013221 -79.95793225, 40.43002965 -79.95782011)"
2,DOMI-GEN-2022-09644-2,DOMI-GEN-2022-09644,GENERAL PERMIT,"PENNDOT TO PERFORM ROADWAY IMPROVEMENTS ON 2ND AVE, BETWEEN MIDDLE ACCESS DRIVE TO THE HOT METAL BRIDGE.",,COREY POTETZ,,,,,7/18/22,,,SECOND AVE,TECHNOLOGY DR,HOT METAL ST BRG,f,f,f,f,f,2,2,20155,"[[40.43274979, -79.96223535], [40.43270448, -79.96213132], [40.43256453, -79.96182174], [40.43241925, -79.96151738], [40.43226235, -79.96119692], [40.43212163, -79.96090933], [40.4319726, -79.96060799], [40.43193798, -79.96053814], [40.43178319, -79.96024200000001], [40.43162151, -79.95995104], [40.43156812, -79.95985766], [40.43139576, -79.95957802], [40.43121456, -79.95930753], [40.43114382, -79.95920595]]","LINESTRING (40.43274979 -79.96223535, 40.43270448 -79.96213132, 40.43256453 -79.96182174, 40.43241925 -79.96151738, 40.43226235 -79.96119692, 40.43212163 -79.96090933, 40.4319726 -79.96060799, 40.43193798 -79.96053814, 40.43178319 -79.96024200000001, 40.43162151 -79.95995104, 40.43156812 -79.95985766, 40.43139576 -79.95957802, 40.43121456 -79.95930753, 40.43114382 -79.95920595)"
3,DOMI-PL-2023-11134-1,DOMI-PL-2023-11134,POLE,DLCO REPLACED POLE IN AN EMERGENCYWORK COMPLETE,,DUQUESNE LIGHT COMPANY DOMI ACCOUNT,DUQUESNE LIGHT COMPANY,,7AM-5PM,7AM-5PM,10/23/23,,,TRIPOLI ST,RETAIL WAY,CHESTNUT ST,f,t,t,f,f,1,1,11616,"[[40.45696757, -79.99563811], [40.45704168, -79.99524201], [40.45705039999999, -79.99519512]]","LINESTRING (40.45696757 -79.99563811, 40.45704168 -79.99524201, 40.45705039999999 -79.99519512)"
4,DOMI-SIDE-2024-12058-1,DOMI-SIDE-2024-12058,SIDEWALK REPAIR,REPLACE FRONT SIDEWALK,,RICK DIBUCCI,DIBUCCI AND SONS LLC,,7AM-5PM,7AM-5PM,9/20/24,1024-10-20,,DALZELL PL,BARNSDALE ST,S DALLAS AVE,f,f,t,f,t,1,1,11573,"[[40.44178358, -79.91470393], [40.44183658, -79.91433412], [40.44188722, -79.91398085], [40.44193776, -79.91362758], [40.4419883, -79.91327476], [40.44203885, -79.91292149], [40.44208948, -79.91256822], [40.44211169, -79.91241305]]","LINESTRING (40.44178358 -79.91470393, 40.44183658 -79.91433412, 40.44188722 -79.91398085, 40.44193776 -79.91362758, 40.4419883 -79.91327476, 40.44203885 -79.91292149, 40.44208948 -79.91256822, 40.44211169 -79.91241305)"
5,DOMI-OP-2023-13029-2,DOMI-OP-2023-13029,OPENING,MAINLINE WORK FOR IMPROVEMENT OF OPERATIONAL CONDITIONS (CM 29051)1500 BLK MEIRSCH ST,DOMI APPROVED CAPITAL UTILITY PROJECT,PEOPLES NATURAL GAS COMPANY DOMI ACCOUNT,PEOPLES NATURAL GAS COMPANY,,7AM-5PM,7AM-5PM,12/20/23,,,PLOUGH ST,EVANDALE RD,MEIRSCH ST,f,t,t,f,f,2,3,11226,"[[40.46992883, -80.03371444], [40.47015331, -80.03378811], [40.47031003, -80.03385184]]","LINESTRING (40.46992883 -80.03371444, 40.47015331 -80.03378811, 40.47031003 -80.03385184)"
6,DOMI-OP-2023-13029-3,DOMI-OP-2023-13029,OPENING,MAINLINE WORK FOR IMPROVEMENT OF OPERATIONAL CONDITIONS (CM 29051)1500 BLK MEIRSCH ST,DOMI APPROVED CAPITAL UTILITY PROJECT,PEOPLES NATURAL GAS COMPANY DOMI ACCOUNT,PEOPLES NATURAL GAS COMPANY,,7AM-5PM,7AM-5PM,12/20/23,,,PLOUGH ST,EVANDALE RD,MEIRSCH ST,f,t,t,f,f,3,3,13668,"[[40.46964144, -80.03361976], [40.46992883, -80.03371444]]","LINESTRING (40.46964144 -80.03361976, 40.46992883 -80.03371444)"
7,DOMI-OP-2024-00491-1,DOMI-OP-2024-00491,OPENING,WATER SERVICE LINE VERIFICATIONS AND LEAD SERVICE LINE REPLACEMENTS ON PUBLIC SIDE AND PRIVATE SIDE.,DOMI APPROVED STAND ALONE SERVICE LINES PROJECT,KATIE MARCHESE,AECOM DBA PWSA,,7AM-5PM,7AM-5PM,1/17/24,,,GOETTMANN ST,BASIN ST,KILKENBECK ST,f,f,t,f,t,1,1,1696,"[[40.4582502, -79.98977996], [40.45817411, -79.98971722], [40.45812843, -79.98966538], [40.45808854, -79.98961597], [40.45806264, -79.98954906], [40.45805187, -79.98948894], [40.45805017, -79.98945743], [40.45810788, -79.98906976], [40.45816676, -79.98871897], [40.45817488, -79.98867161], [40.45824213, -79.98832291], [40.45825642, -79.98825418], [40.45832613, -79.98796891], [40.45836129999999, -79.98789447], [40.458374, -79.9878676], [40.45857144, -79.98757938], [40.45876246, -79.98731296], [40.45895148, -79.98705231], [40.459092, -79.98685881]]","LINESTRING (40.4582502 -79.98977996, 40.45817411 -79.98971722, 40.45812843 -79.98966538, 40.45808854 -79.98961597, 40.45806264 -79.98954906, 40.45805187 -79.98948894, 40.45805017 -79.98945743, 40.45810788 -79.98906976, 40.45816676 -79.98871897, 40.45817488 -79.98867161, 40.45824213 -79.98832291, 40.45825642 -79.98825418, 40.45832613 -79.98796891, 40.45836129999999 -79.98789447, 40.458374 -79.9878676, 40.45857144 -79.98757938, 40.45876246 -79.98731296, 40.45895148 -79.98705231, 40.459092 -79.98685881)"
8,DOMI-OP-2024-02262-1,DOMI-OP-2024-02262,OPENING,WATER SERVICE LINE VERIFICATION AND LEAD SERVICE LINE REPLACEMENT ON PUBLIC SIDE AND PRIVATE SIDE.,DOMI APPROVED STAND ALONE SERVICE LINES PROJECT,KATIE MARCHESE,AECOM DBA PWSA,,7AM-5PM,7AM-5PM,2/28/24,,,MITCHELL ST,HALL ST,WOODS RUN AVE,f,t,t,f,t,1,1,12582,"[[40.4763374, -80.02879222], [40.47650396, -80.02907922], [40.47667020000001, -80.02936531], [40.47683644, -80.02965095], [40.47700162, -80.02994286]]","LINESTRING (40.4763374 -80.02879222, 40.47650396 -80.02907922, 40.47667020000001 -80.02936531, 40.47683644 -80.02965095, 40.47700162 -80.02994286)"
9,DOMI-OP-2023-13263-1,DOMI-OP-2023-13263,OPENING,REPLACEMENT OF CATCH BASIN ON PLOUGH ST @ DICKSON ST,GENERAL EXCAVATION,KATIE MARCHESE,AECOM DBA PWSA,,7AM-5PM,7AM-5PM,1/4/24,,,DICKSON ST,MULLINS ST,PLOUGH ST,f,t,t,f,t,1,1,14986,"[[40.46959497, -80.03172294], [40.46951157, -80.03207023], [40.46942716, -80.03240804], [40.46934088, -80.03275342], [40.46925098, -80.03311307], [40.46916625, -80.0334666]]","LINESTRING (40.46959497 -80.03172294, 40.46951157 -80.03207023, 40.46942716 -80.03240804, 40.46934088 -80.03275342, 40.46925098 -80.03311307, 40.46916625 -80.0334666)"
10,DOMI-OP-2024-00010-1,DOMI-OP-2024-00010,OPENING,REPAIR WATER MAIN WBS # R24-11C1.23-P-0001,GENERAL EXCAVATION,PENNSYLVANIA AMERICAN WATER DOMI ACCOUNT,PENNSYLVANIA AMERICAN WATER,,7AM-5PM,7AM-5PM,12/31/23,,,PRESTON ST,BARTOW ST,MILNOR ST,f,t,t,f,t,1,1,6799,"[[40.43551915, -80.05256663], [40.43558225, -80.05259125], [40.43561685, -80.05294775], [40.43565578, -80.05331518], [40.43567012, -80.05340506], [40.43572797, -80.05352473], [40.43589039, -80.05381418], [40.43603988, -80.05408072], [40.43609297, -80.05418945], [40.43617465, -80.05439663], [40.43619884, -80.05455198], [40.43619315, -80.05476831]]","LINESTRING (40.43551915 -80.05256663, 40.43558225 -80.05259125, 40.43561685 -80.05294775, 40.43565578 -80.05331518, 40.43567012 -80.05340506, 40.43572797 -80.05352473, 40.43589039 -80.05381418, 40.43603988 -80.05408072, 40.43609297 -80.05418945, 40.43617465 -80.05439663, 40.43619884 -80.05455198, 40.43619315 -80.05476831)"
11,DOMI-OP-2024-00807-1,DOMI-OP-2024-00807,OPENING,MAIN REPAIRJOB COMPLETE,GENERAL EXCAVATION,DONNA MARTRANO,PITTSBURGH WATER - OPERATIONS,,7AM-5PM,7AM-5PM,1/24/24,,,MT ROYAL RD,FERNWALD RD,DEAD END,f,t,t,f,t,1,1,17927,"[[40.42690803, -79.91422984], [40.42666903, -79.91414403], [40.42655524, -79.91410355], [40.42630586, -79.91407214], [40.42625339, -79.91406553], [40.42614429, -79.9140493], [40.42599985, -79.9140278], [40.42572715, -79.91398717], [40.42545444, -79.91394653], [40.42518164, -79.91390635], [40.42490893, -79.91386571], [40.42466198, -79.91382905]]","LINESTRING (40.42690803 -79.91422984, 40.42666903 -79.91414403, 40.42655524 -79.91410355, 40.42630586 -79.91407214, 40.42625339 -79.91406553, 40.42614429 -79.9140493, 40.42599985 -79.9140278, 40.42572715 -79.91398717, 40.42545444 -79.91394653, 40.42518164 -79.91390635, 40.42490893 -79.91386571, 40.42466198 -79.91382905)"
12,DOMI-OP-2024-00951-1,DOMI-OP-2024-00951,OPENING,REPAIR GAS LEAK,GENERAL EXCAVATION,PEOPLES NATURAL GAS COMPANY DOMI ACCOUNT,PEOPLES NATURAL GAS COMPANY,COORDINATE WITH PWSA WORKING UNDER PERMIT DOMI-OP-2024-00928 FOR BORING TO AVOID CONFLICTS AND FOR RESTORATION.,7AM-5PM,7AM-5PM,1/30/24,,,UNGER LN,BEELER ST,DEAD END,f,t,t,f,t,1,1,7370,"[[40.44487613, -79.93664174], [40.44511165, -79.93680167], [40.44517638, -79.93682713], [40.44545458, -79.93684019], [40.44552074, -79.93684009], [40.44562033, -79.93677818], [40.44570614, -79.93664169], [40.44584391, -79.93633077], [40.4458959, -79.93621341]]","LINESTRING (40.44487613 -79.93664174, 40.44511165 -79.93680167, 40.44517638 -79.93682713, 40.44545458 -79.93684019, 40.44552074 -79.93684009, 40.44562033 -79.93677818, 40.44570614 -79.93664169, 40.44584391 -79.93633077, 40.4458959 -79.93621341)"
13,DOMI-OP-2024-01870-1,DOMI-OP-2024-01870,OPENING,REPAIR WATER MAIN WBS # R24-11C1.24-P-0001,GENERAL EXCAVATION,PENNSYLVANIA AMERICAN WATER DOMI ACCOUNT,PENNSYLVANIA AMERICAN WATER,CONTACT PITTSBURGH REGIONAL TRANSIT AT 412-566-5321 AT LEAST 48 HOURS PRIOR TO LANE OBSTRUCTIONS.,9AM-3PM,7AM-5PM,2/13/24,,,MIDDLETOWN RD,OAKGLEN ST,BERRY ST,f,t,t,f,t,1,1,2396,"[[40.44801779, -80.06209859], [40.44821377, -80.06235646], [40.44839843, -80.06262249], [40.44855624, -80.06284985]]","LINESTRING (40.44801779 -80.06209859, 40.44821377 -80.06235646, 40.44839843 -80.06262249, 40.44855624 -80.06284985)"
14,DOMI-OP-2024-01953-1,DOMI-OP-2024-01953,OPENING,THIS WILL BE AN EMERGENCY CASTING REPLACEMENT ON SECOND AVE FOR ALCOSAN SEWER LINE. A 6 BY 6 AREA WILL BE REMOVED AROUND CASTING ALL NEW CONCRETE WILL BE POURED TO SPEC AND NEW CASTING ANCHORED DOWN. HOT ASPHALT WILL THEN BE PLACED TO ROAD GRADE. DIMENSIONS OF OPENING 6’X6’ X 20” DEEP. DOING WORK FOR ALCOSAN,GENERAL EXCAVATION,,,,9AM-3PM,7AM-5PM,2/26/24,,,SECOND AVE,WORMSER WAY,GREENFIELD AVE,f,t,f,f,f,1,1,19045,"[[40.42592067, -79.95378327], [40.42570494, -79.95359804], [40.425695000000005, -79.95358951], [40.42546081, -79.95340176], [40.42522329, -79.95322199], [40.42498909, -79.95303469], [40.42488013, -79.95295254]]","LINESTRING (40.42592067 -79.95378327, 40.42570494 -79.95359804, 40.425695000000005 -79.95358951, 40.42546081 -79.95340176, 40.42522329 -79.95322199, 40.42498909 -79.95303469, 40.42488013 -79.95295254)"
15,DOMI-OP-2024-02003-1,DOMI-OP-2024-02003,OPENING,REPAIR WATER MAINWBS # R24-11C1.24-P-0001,GENERAL EXCAVATION,PENNSYLVANIA AMERICAN WATER DOMI ACCOUNT,PENNSYLVANIA AMERICAN WATER,,7AM-5PM,7AM-5PM,2/9/24,,,CURTIN AVE,INDUSTRY ST,CLIMAX ST,f,t,t,f,t,1,1,14884,"[[40.4207127, -79.99890237], [40.42043828, -79.99889368], [40.4201639, -79.99888274], [40.41999279, -79.99887434]]","LINESTRING (40.4207127 -79.99890237, 40.42043828 -79.99889368, 40.4201639 -79.99888274, 40.41999279 -79.99887434)"
16,DOMI-OP-2024-02509-1,DOMI-OP-2024-02509,OPENING,LOCATE/REPLACE CURB BOXJOB COMPLETE,GENERAL EXCAVATION,DONNA MARTRANO,PITTSBURGH WATER - OPERATIONS,CONTACT ROLL KALL AT 855-589-1126 FOR OFF-DUTY POLICE REQUIRED WITHIN 100' OF A SIGNALIZED INTERSECTION. CONTACT PITTSBURGH REGIONAL TRANSIT AT 412-566-5321 AT LEAST 48 HOURS PRIOR TO LANE OBSTRUCTIONS.,9AM-3PM,7AM-5PM,2/27/24,,,STEUBEN ST,HASSLER ST,LORENZ AVE,f,t,f,f,t,1,1,12724,"[[40.44227805, -80.04171659], [40.44245201, -80.04195746], [40.44264129999999, -80.04221772], [40.44278288, -80.04241256]]","LINESTRING (40.44227805 -80.04171659, 40.44245201 -80.04195746, 40.44264129999999 -80.04221772, 40.44278288 -80.04241256)"
17,DOMI-PL-2024-12532-1,DOMI-PL-2024-12532,POLE,DLCO TO REPLACE POLE FOR 3RD PARTY ATTACHER - LEVEL 3LEVEL 3; AT&T; COMCAST; VZ ATTACHED,,DUQUESNE LIGHT COMPANY DOMI ACCOUNT,THOMPSON ELECTRICAL CONSTRUCTION,,9AM-3PM,7AM-5PM,8/21/24,8/15/25,f,COMMERCIAL ST,FORWARD AVE,NIGHTINGALE WAY,f,t,f,f,f,1,1,19186,"[[40.42766043, -79.90580979], [40.42759423, -79.90578926], [40.42751712, -79.90576928], [40.42745434, -79.90579018], [40.42716883, -79.90591625], [40.426909, -79.90603146], [40.42685813, -79.90605364], [40.42663574, -79.90614444], [40.42643557, -79.90619867], [40.42630762, -79.906213], [40.42616276, -79.90616346], [40.42594491, -79.90604332], [40.42573571, -79.90588258], [40.42561709, -79.90578869], [40.42559205, -79.90576886], [40.42555588, -79.90573943], [40.42535301, -79.90557439], [40.42509682, -79.9053659], [40.42498314, -79.90527334], [40.42476077, -79.90508704], [40.42452011, -79.90488759], [40.42424469, -79.90473912], [40.42400299, -79.90464651], [40.42373955, -79.90454559], [40.42347603, -79.90444511], [40.42321259, -79.90434418], [40.42310193, -79.90430157], [40.42300496, -79.90422797], [40.42295065, -79.90411306], [40.42280635, -79.90380756], [40.42266258, -79.90350162], [40.42251872, -79.90319568], [40.42237494, -79.90288975], [40.42223117, -79.90258382], [40.42209358, -79.90229111], [40.42200616, -79.90208308], [40.4218689, -79.90177287], [40.4217266, -79.90146565], [40.42158343, -79.90115929], [40.4215288, -79.90104258]]","LINESTRING (40.42766043 -79.90580979, 40.42759423 -79.90578926, 40.42751712 -79.90576928, 40.42745434 -79.90579018, 40.42716883 -79.90591625, 40.426909 -79.90603146, 40.42685813 -79.90605364, 40.42663574 -79.90614444, 40.42643557 -79.90619867, 40.42630762 -79.906213, 40.42616276 -79.90616346, 40.42594491 -79.90604332, 40.42573571 -79.90588258, 40.42561709 -79.90578869, 40.42559205 -79.90576886, 40.42555588 -79.90573943, 40.42535301 -79.90557439, 40.42509682 -79.9053659, 40.42498314 -79.90527334, 40.42476077 -79.90508704, 40.42452011 -79.90488759, 40.42424469 -79.90473912, 40.42400299 -79.90464651, 40.42373955 -79.90454559, 40.42347603 -79.90444511, 40.42321259 -79.90434418, 40.42310193 -79.90430157, 40.42300496 -79.90422797, 40.42295065 -79.90411306, 40.42280635 -79.90380756, 40.42266258 -79.90350162, 40.42251872 -79.90319568, 40.42237494 -79.90288975, 40.42223117 -79.90258382, 40.42209358 -79.90229111, 40.42200616 -79.90208308, 40.4218689 -79.90177287, 40.4217266 -79.90146565, 40.42158343 -79.90115929, 40.4215288 -79.90104258)"
18,DOMI-PL-2024-12608-1,DOMI-PL-2024-12608,POLE,*BRT CONFLICT*DLCO TO REPLACE AND MOVE POLE FOR BRT CONFLICTDLCO RESPONSIBLE FOR TEMP RESTORATION - BRT WILL BE REDOING THE SIDEWALKS ONCE FINAL SIDEWALKS ARE ESTABLISHED.,,DUQUESNE LIGHT COMPANY DOMI ACCOUNT,DUQUESNE LIGHT COMPANY,,8AM-4PM,,8/21/24,8/15/25,f,FIFTH AVE,GIST ST,JUMONVILLE ST,f,t,t,f,t,1,1,18584,"[[40.43830996, -79.97944723], [40.4383074, -79.97936379], [40.43829799, -79.97905781], [40.43828529, -79.97873306], [40.43827964, -79.97859002], [40.43826563, -79.97823109], [40.43825109, -79.97787259], [40.43824216, -79.9776679]]","LINESTRING (40.43830996 -79.97944723, 40.4383074 -79.97936379, 40.43829799 -79.97905781, 40.43828529 -79.97873306, 40.43827964 -79.97859002, 40.43826563 -79.97823109, 40.43825109 -79.97787259, 40.43824216 -79.9776679)"
19,DOMI-SIDE-2025-09050-1,DOMI-SIDE-2025-09050,SIDEWALK REPAIR,SIDEWALKS IN FRONT OF 720 AMBERSON WILL BE REPLACED FROM PROPERTY LINE TO PROPERTY LINE.,,JULIE WETTACH,"ROSSMAN/HENSLEY, INC",,7AM-5PM,7AM-5PM,7/16/25,8/15/25,f,AMBERSON AVE,AMBERSON PL,PEMBROKE PL,f,f,t,f,t,1,1,11864,"[[40.45027371, -79.94033735], [40.45002565, -79.94019181], [40.44977513, -79.94004529], [40.44962414, -79.93995728]]","LINESTRING (40.45027371 -79.94033735, 40.45002565 -79.94019181, 40.44977513 -79.94004529, 40.44962414 -79.93995728)"
20,DOMI-GEN-2025-10207-1,DOMI-GEN-2025-10207,GENERAL PERMIT,"WE WOULD LIKE TO RECONFIGURE PENN AVENUE TO ACCOMMODATE THE ARRIVAL AND DEPARTURE OF BUSSES CARRYING THE TAMPA BAY BUCCANEERS NFL TEAM. SHIFT THE CYCLE TRACK INTO THE ADJACENT TRAVEL LANE. SHIFT THE TRAVEL LANE INTO THE ADJACENT PARKING LANE. PROVIDED ARE THE FOLLOWING DATES AND TIMES: TUESDAY, AUGUST 12, 2025 - 12:00PM TO 4:30PM WEDNESDAY AUGUST 13, 2025 - 8:30AM TO 3:25PMTHURSDAY AUGUST 14, 2025 - 10:30AM TO 5:50PM FRIDAY AUGUST 15, 2025 - 7:00AM TO 11:00AMSATURDAY AUGUST 15, 2025 - 11:30AM TO 5:00PM",,,,"MAINTAIN A TRAVEL LANE AND CYCLE TRACK DURING WORK HOURS:
TUESDAY, AUGUST 12, 2025 - 2:00PM TO 4:30PM 
WEDNESDAY AUGUST 13, 2025 - 8:30AM TO 3:25PM
THURSDAY AUGUST 14, 2025 - 10:30AM TO 5:50PM 
FRIDAY AUGUST 15, 2025 - 7:00AM TO 11:00AM
SATURDAY AUGUST 15, 2025 - 11:30PM TO 5:00PM",,,8/12/25,8/15/25,f,PENN AVE,TENTH ST,ELEVENTH ST,f,t,f,t,f,1,1,15731,"[[40.44446444, -79.99561272], [40.44457047, -79.99523888], [40.44457821, -79.99520933], [40.44457917, -79.99520567], [40.4446512, -79.99493067], [40.44474026, -79.99459085], [40.44482924, -79.99425103], [40.44484426, -79.99419914], [40.44484501, -79.99419656], [40.44492637, -79.99391552], [40.44494448, -79.99386221]]","LINESTRING (40.44446444 -79.99561272, 40.44457047 -79.99523888, 40.44457821 -79.99520933, 40.44457917 -79.99520567, 40.4446512 -79.99493067, 40.44474026 -79.99459085, 40.44482924 -79.99425103, 40.44484426 -79.99419914, 40.44484501 -79.99419656, 40.44492637 -79.99391552, 40.44494448 -79.99386221)"
21,DOMI-SIDE-2025-07652-1,DOMI-SIDE-2025-07652,SIDEWALK REPAIR,REPLACEMENT OF SIDEWALK TO REPAIR UNEVEN SLABS DUE TO TREE ROOTS. 3 EXISTING TREE PITS WILL BE WIDENED PER PLAN TO ACCOMMODATE THE MATURE TREES. 60 SY OF CONCRETE WALK WILL BE REPLACED. APPLICANT IS CONTRACTOR (DROP DOWN MENU ABOVE IS NOT WORKING),,REBECCA MIZIKAR,CHATMAN PROPERTIES LLC,PARKING LANE AND SIDEWALK OBSTRUCTION ONLY. CONTACT PARKING AUTHORITY AT OSM@PITTSBURGHPARKING.COM FOR PURCHASING OF METERED PARKING SPACES FOR NO PARKING AUTHORIZATION AND SIGNAGE. COORDINATE WITH PEOPLES GAS TO PREVENT CONFLICTS. PENNDOT PUB. 213 COMPLIANT PEDESTRIAN DETOUR REQUIRED DURING ALL SIDEWALK CLOSURES.,9AM - 3PM,7AM - 5PM,7/17/25,8/16/25,f,PENN AVE,45TH ST,CULLEN ST,f,f,t,t,t,1,1,2880,"[[40.46615371, -79.95225405], [40.46617901, -79.9519154], [40.46617086, -79.9515682], [40.46615549, -79.95137985], [40.46610735, -79.9510282], [40.46605899, -79.95067474], [40.46601055, -79.95032083], [40.46596212, -79.94996693], [40.46591367, -79.94961347], [40.46590621, -79.94955885]]","LINESTRING (40.46615371 -79.95225405, 40.46617901 -79.9519154, 40.46617086 -79.9515682, 40.46615549 -79.95137985, 40.46610735 -79.9510282, 40.46605899 -79.95067474, 40.46601055 -79.95032083, 40.46596212 -79.94996693, 40.46591367 -79.94961347, 40.46590621 -79.94955885)"
22,DOMI-SIDE-2025-08502-1,DOMI-SIDE-2025-08502,SIDEWALK REPAIR,REPLACE ~20'L X ~5'W OF SIDEWALK DESTROYED BY A CITY TREE FROM THE APRIL 29TH STORM.,,FRANK MARIANI,REGENT SQUARE CONCRETE MAN,PENNDOT PUB. 213 COMPLIANT PEDESTRIAN DETOUR REQUIRED DURING ALL SIDEWALK CLOSURES.,7AM-5PM,7AM-5PM,7/18/25,8/17/25,f,MACON AVE,HUTCHINSON ST,CITY LIMIT,f,f,t,f,t,1,1,13691,"[[40.43160931, -79.89700981], [40.43136385, -79.89683266], [40.43112365, -79.89665838], [40.430893100000006, -79.89649159999999], [40.43081155, -79.89643261]]","LINESTRING (40.43160931 -79.89700981, 40.43136385 -79.89683266, 40.43112365 -79.89665838, 40.430893100000006 -79.89649159999999, 40.43081155 -79.89643261)"
23,DOMI-SIDE-2025-08483-1,DOMI-SIDE-2025-08483,SIDEWALK REPAIR,15.3 FEET OF SIDEWALK ALONG 5TH AVE WILL BE REPAIRED.,,,"ESCAJEDA MASONRY, LLC",PENNDOT PUB. 213 COMPLIANT PEDESTRIAN DETOUR REQUIRED DURING ALL SIDEWALK CLOSURES. CONTACT THE PITTSBURGH REGIONAL TRANSIT AT 412-566-5321 AT LEAST 48 HOURS PRIOR TO TRAVEL LANE OBSTRUCTIONS OR CLOSURES.,7AM-3PM,7AM-5PM,7/21/25,8/20/25,f,FIFTH AVE,CANTERBURY LN,AMBERSON AVE,f,t,f,f,t,1,1,19474,"[[40.44754309, -79.94093337], [40.44756839, -79.94056713], [40.44758721, -79.94030744], [40.44759431, -79.94020946], [40.44762039, -79.93985179], [40.44764648, -79.93949411], [40.44767256, -79.93913644], [40.44769411, -79.93884107]]","LINESTRING (40.44754309 -79.94093337, 40.44756839 -79.94056713, 40.44758721 -79.94030744, 40.44759431 -79.94020946, 40.44762039 -79.93985179, 40.44764648 -79.93949411, 40.44767256 -79.93913644, 40.44769411 -79.93884107)"
24,DOMI-PL-2025-08410-1,DOMI-PL-2025-08410,POLE,REPLACE (1) POLE TAGGED 52/P14 LOCATED IN THE MULCH ON E SYCAMORE ST AT THE INTERSECTION OF LAVA ST. RESTORE AS NECESSARY.,,VERIZON PENNSYLVANIA LLC DOMI ACCOUNT,,COORDINATE WITH PEOPLES NATURAL GAS WORKING UNDER PERMIT DOMI-OP-2025-09572  FOR REPAIR GAS LEAK TO AVOID CONFLICTS AND/OR FOR RESTORATION.,9AM-3PM,7AM-5PM,7/21/25,8/21/25,f,E SYCAMORE ST,ARLINGTON AVE,UNNAMED4G WAY,f,t,t,f,t,1,1,5626,"[[40.43029021, -80.00055922], [40.43022238, -80.000614], [40.43017687, -80.00065964], [40.4301277, -80.0007658], [40.43012213, -80.0008797], [40.43015218, -80.00096695], [40.43020054, -80.00107456], [40.43024157, -80.00116621], [40.4303025, -80.00130704], [40.43038370000001, -80.0015213], [40.43047234, -80.00179915], [40.43056919, -80.00213522], [40.43059805, -80.00223453], [40.43059847, -80.00223597], [40.43063971, -80.00237787], [40.43066046, -80.00247559], [40.43065817, -80.00254019], [40.43064347, -80.00259899], [40.43063067, -80.00261698], [40.43059847, -80.00266217], [40.43054145, -80.00271282], [40.43048932, -80.00275914], [40.43044881, -80.00280809], [40.43037829, -80.00289961], [40.43030996, -80.00305049], [40.43027946, -80.00316266], [40.43021839, -80.00346471], [40.4301909, -80.00366007], [40.43017789, -80.00376385], [40.43015972, -80.00393437], [40.43014559, -80.00406011], [40.43012191, -80.00410315], [40.43012120000001, -80.00410444], [40.4301036, -80.00413642], [40.43007564, -80.00415345], [40.42996331, -80.00416001], [40.42996147, -80.00416011], [40.42990468, -80.00416343], [40.42985056, -80.00416659], [40.42972928, -80.00418589], [40.42970289, -80.00419265], [40.42962085, -80.00421506], [40.42937571, -80.00433308], [40.42920276, -80.00444948], [40.42896579, -80.00458394], [40.4287847, -80.00462954], [40.42874367, -80.00464793]]","LINESTRING (40.43029021 -80.00055922, 40.43022238 -80.000614, 40.43017687 -80.00065964, 40.4301277 -80.0007658, 40.43012213 -80.0008797, 40.43015218 -80.00096695, 40.43020054 -80.00107456, 40.43024157 -80.00116621, 40.4303025 -80.00130704, 40.43038370000001 -80.0015213, 40.43047234 -80.00179915, 40.43056919 -80.00213522, 40.43059805 -80.00223453, 40.43059847 -80.00223597, 40.43063971 -80.00237787, 40.43066046 -80.00247559, 40.43065817 -80.00254019, 40.43064347 -80.00259899, 40.43063067 -80.00261698, 40.43059847 -80.00266217, 40.43054145 -80.00271282, 40.43048932 -80.00275914, 40.43044881 -80.00280809, 40.43037829 -80.00289961, 40.43030996 -80.00305049, 40.43027946 -80.00316266, 40.43021839 -80.00346471, 40.4301909 -80.00366007, 40.43017789 -80.00376385, 40.43015972 -80.00393437, 40.43014559 -80.00406011, 40.43012191 -80.00410315, 40.43012120000001 -80.00410444, 40.4301036 -80.00413642, 40.43007564 -80.00415345, 40.42996331 -80.00416001, 40.42996147 -80.00416011, 40.42990468 -80.00416343, 40.42985056 -80.00416659, 40.42972928 -80.00418589, 40.42970289 -80.00419265, 40.42962085 -80.00421506, 40.42937571 -80.00433308, 40.42920276 -80.00444948, 40.42896579 -80.00458394, 40.4287847 -80.00462954, 40.42874367 -80.00464793)"
25,DOMI-GEN-2025-06205-1,DOMI-GEN-2025-06205,GENERAL PERMIT,BARRICADE PERMIT TO SHUT DOWN THE SIDEWALK ON MORGAN STREETTHIS IS FOR THE URA - JUSTIN BELTON,,JUSTIN BELTON,,AT TMPORARY PEDESTRIAN DIVERSION IS REQUIRED FOR SIDEWALK CLOSURE. THE TEMPORARY PEDESTRIAN TRAFFIC CONTROL MUST BE IN COMPLIANCE WITH PENNDOT PUB 213. MAINTAIN ACCESS TO BUS STOP. CONTACT THE PITTSBURGH REGIONAL TRANSIT AT 412-566-5321 AT LEAST 48 HOURS PRIOR TO TRAVEL LANE OBSTRUCTIONS OR CLOSURES.,7AM - 5PM,7AM - 5PM,5/23/25,8/23/25,f,MORGAN ST,BARNETT WAY,BEDFORD AVE,f,f,f,f,t,1,1,10292,"[[40.45157846, -79.96919106], [40.45184784, -79.96935898], [40.45186972, -79.96937273], [40.45200508, -79.96945986]]","LINESTRING (40.45157846 -79.96919106, 40.45184784 -79.96935898, 40.45186972 -79.96937273, 40.45200508 -79.96945986)"
26,DOMI-SIDE-2025-08158-1,DOMI-SIDE-2025-08158,SIDEWALK REPAIR,REMOVE CONCRETE SIDEWALK PAD AND REPLACE THE PAD,,JOSEPH WHITNEY,KRUPP WHITNEY PLUMBING,PENNDOT PUB. 213 COMPLIANT PEDESTRIAN DETOUR REQUIRED DURING ALL SIDEWALK CLOSURES.,9AM - 3PM,7AM - 5PM,7/25/25,8/24/25,f,S 18TH ST,MONASTERY PL,MONASTERY AVE,f,f,f,f,t,1,1,13955,"[[40.42194982, -79.98386887], [40.421766299999994, -79.98411609], [40.42157031, -79.98439119]]","LINESTRING (40.42194982 -79.98386887, 40.421766299999994 -79.98411609, 40.42157031 -79.98439119)"
27,DOMI-PL-2025-08718-1,DOMI-PL-2025-08718,POLE,REPLACE (1) POLE WITH TAG 151/P14 LOCATED IN THE SIDEWALK ON WESTERN AVE BETWEEN THE INTERSECTIONS OF FONTELLA ST AND BIDWELL ST.,,VERIZON PENNSYLVANIA LLC DOMI ACCOUNT,,,9AM-3PM,7AM-5PM,7/24/25,8/24/25,f,WESTERN AVE,BIDWELL ST,FONTELLA ST,f,t,f,f,t,1,2,17175,"[[40.45130727, -80.0200738], [40.45124098, -80.02043011], [40.45117629, -80.02077929], [40.45111218, -80.02112894], [40.45104817, -80.02147814], [40.45100915, -80.02169070000001]]","LINESTRING (40.45130727 -80.0200738, 40.45124098 -80.02043011, 40.45117629 -80.02077929, 40.45111218 -80.02112894, 40.45104817 -80.02147814, 40.45100915 -80.02169070000001)"
28,DOMI-PL-2025-08718-2,DOMI-PL-2025-08718,POLE,REPLACE (1) POLE WITH TAG 151/P14 LOCATED IN THE SIDEWALK ON WESTERN AVE BETWEEN THE INTERSECTIONS OF FONTELLA ST AND BIDWELL ST.,,VERIZON PENNSYLVANIA LLC DOMI ACCOUNT,,,9AM-3PM,7AM-5PM,7/24/25,8/24/25,f,BIDWELL ST,WESTERN AVE,ABDELL ST,f,t,f,f,t,2,2,11207,"[[40.45130727, -80.0200738], [40.45157378, -80.02016634], [40.45183909, -80.02025884], [40.45199014, -80.02031152], [40.45210431, -80.02035134], [40.45213553, -80.02036182], [40.45235562, -80.02043573], [40.45245989, -80.02047024]]","LINESTRING (40.45130727 -80.0200738, 40.45157378 -80.02016634, 40.45183909 -80.02025884, 40.45199014 -80.02031152, 40.45210431 -80.02035134, 40.45213553 -80.02036182, 40.45235562 -80.02043573, 40.45245989 -80.02047024)"
29,DOMI-SIDE-2025-07057-1,DOMI-SIDE-2025-07057,SIDEWALK REPAIR,"SAW CUT TWO FEET OFF THE FACE OF THE CURB, REPLACE CURB SIDEWALK AND HANDICAP RAMPS",,MICHELLE MCNULTY,"CALIBER CONTRACTING SERVICES, INC.",,ALL,ALL,7/28/25,9/19/25,f,COMMONWEALTH PL,FORT DUQUESNE BLVD,LIBERTY AVE,f,t,f,t,t,1,1,10823,"[[40.44261196, -80.00755446], [40.44250817, -80.00745575], [40.44244938, -80.00741694], [40.44237609, -80.00737316], [40.44218973, -80.00729774], [40.44193021, -80.00718079], [40.44167069, -80.00706384], [40.44141137, -80.00694554], [40.4411509, -80.00683306], [40.44107861, -80.00680458]]","LINESTRING (40.44261196 -80.00755446, 40.44250817 -80.00745575, 40.44244938 -80.00741694, 40.44237609 -80.00737316, 40.44218973 -80.00729774, 40.44193021 -80.00718079, 40.44167069 -80.00706384, 40.44141137 -80.00694554, 40.4411509 -80.00683306, 40.44107861 -80.00680458)"
30,DOMI-PL-2024-12854-1,DOMI-PL-2024-12854,POLE,"DLCO TO REPLACE DETERIORATED POLEDQE, FIBERTECH, COMCAST, VZ ATTACHED",,DUQUESNE LIGHT COMPANY DOMI ACCOUNT,DUQUESNE LIGHT COMPANY,,9AM-3PM,7AM-5PM,9/3/24,8/28/25,f,N CRAIG ST,BAYARD ST,CENTRE AVE,f,t,t,f,t,1,1,7756,"[[40.44980844, -79.9507412], [40.45004575, -79.95088732], [40.45030538, -79.95104631], [40.45055398, -79.95119864], [40.45080258, -79.95135098], [40.45105126, -79.95150332], [40.45129987, -79.95165566], [40.45150194, -79.95177974]]","LINESTRING (40.44980844 -79.9507412, 40.45004575 -79.95088732, 40.45030538 -79.95104631, 40.45055398 -79.95119864, 40.45080258 -79.95135098, 40.45105126 -79.95150332, 40.45129987 -79.95165566, 40.45150194 -79.95177974)"
31,DOMI-SIDE-2025-08801-1,DOMI-SIDE-2025-08801,SIDEWALK REPAIR,"REPLACING 87' OF SIDEWALK ALONG SHADY AVENUE, WIDTH 11' AND 114' OF SIDEWALK ALONG AURELIA STREET, WIDTH 8-9' AS PER BP-2024-03498 FOR PROPOSED BANK BRANCH",,JASON STRALEY,P. W. CAMPBELL CONTRACTING CO.,PENNDOT PUB. 213 COMPLIANT PEDESTRIAN DETOUR REQUIRED DURING ALL SIDEWALK CLOSURES. CONTACT PARKING AUTHORITY AT OSM@PITTSBURGHPARKING.COM FOR PURCHASING OF METERED PARKING SPACES FOR NO PARKING AUTHORIZATION AND SIGNAGE.,9AM - 3PM,7AM - 5PM,7/31/25,9/30/25,f,SHADY AVE,ELLSWORTH AVE,AURELIA ST,f,f,t,t,t,1,2,12829,"[[40.45918259, -79.92199527], [40.45915507, -79.92202518], [40.45912298, -79.92205013], [40.45908721, -79.92206943], [40.45892079, -79.92211098], [40.45864861, -79.92215658], [40.45837636, -79.92220174], [40.45810849, -79.92224613]]","LINESTRING (40.45918259 -79.92199527, 40.45915507 -79.92202518, 40.45912298 -79.92205013, 40.45908721 -79.92206943, 40.45892079 -79.92211098, 40.45864861 -79.92215658, 40.45837636 -79.92220174, 40.45810849 -79.92224613)"
32,DOMI-SIDE-2025-08801-2,DOMI-SIDE-2025-08801,SIDEWALK REPAIR,"REPLACING 87' OF SIDEWALK ALONG SHADY AVENUE, WIDTH 11' AND 114' OF SIDEWALK ALONG AURELIA STREET, WIDTH 8-9' AS PER BP-2024-03498 FOR PROPOSED BANK BRANCH",,JASON STRALEY,P. W. CAMPBELL CONTRACTING CO.,PENNDOT PUB. 213 COMPLIANT PEDESTRIAN DETOUR REQUIRED DURING ALL SIDEWALK CLOSURES.,7AM - 5PM,7AM - 5PM,7/31/25,9/30/25,f,AURELIA ST,SHADY AVE,MELMORE WAY,f,f,f,f,t,2,2,2359,"[[40.45810849, -79.92224613], [40.4580026, -79.92189493], [40.45796182, -79.92175927]]","LINESTRING (40.45810849 -79.92224613, 40.4580026 -79.92189493, 40.45796182 -79.92175927)"
33,DOMI-SIDE-2025-09254-1,DOMI-SIDE-2025-09254,SIDEWALK REPAIR,CONCRETE DRIVEWAY/SIDEWALK CONSTRUCTION,,ALEX BENGEL,A FOLINO CONSTRUCTION INC,PENNDOT PUB. 213 COMPLIANT PEDESTRIAN DETOUR REQUIRED DURING ALL SIDEWALK CLOSURES.,9AM - 3PM,9AM - 3PM,7/31/25,8/30/25,f,SHADY AVE,ALDER ST,WALNUT ST,f,f,t,f,t,1,1,12005,"[[40.45679907, -79.92245693], [40.45651453, -79.92250258], [40.45624204, -79.92254638], [40.45601427, -79.92258038], [40.45586968, -79.92254876]]","LINESTRING (40.45679907 -79.92245693, 40.45651453 -79.92250258, 40.45624204 -79.92254638, 40.45601427 -79.92258038, 40.45586968 -79.92254876)"
34,DOMI-PL-2025-00072-1,DOMI-PL-2025-00072,POLE,1A7H3YT - REPLACE UTILITY POLE # 23,,MICHELLE PAGLIUCA,VERIZON PENNSYLVANIA LLC,,7AM - 5PM,7AM - 5PM,2/3/25,8/31/25,f,CAREY WAY,S 29TH ST,DEAD END,t,f,f,f,t,1,1,8871,"[[40.42479821, -79.96446401], [40.42462693, -79.96420463], [40.42460691, -79.9641744]]","LINESTRING (40.42479821 -79.96446401, 40.42462693 -79.96420463, 40.42460691 -79.9641744)"
35,DOMI-SIDE-2025-08371-1,DOMI-SIDE-2025-08371,SIDEWALK REPAIR,PATCHING AND REPAIRING OF ANY DAMAGE TO THE SIDEWALK. CLEAN REMOVE WEEDSFROM SIDEWALK SURFACES.,,JOE OBRITZ,ULLOA HOME REMODELING,,7AM-5PM,7AM-5PM,8/1/25,10/30/25,f,PORTERFIELD ST,MCKIRDY WAY,DEAD END,f,t,t,f,t,1,1,13989,"[[40.4581085, -80.00443571], [40.45837217, -80.00451147], [40.45865297, -80.00458916]]","LINESTRING (40.4581085 -80.00443571, 40.45837217 -80.00451147, 40.45865297 -80.00458916)"
36,DOMI-SIDE-2025-08086-1,DOMI-SIDE-2025-08086,SIDEWALK REPAIR,"REMOVAL AND REPLACEMENT OF APPROXIMATELY 15,000.00 SQUARE FEET OF EXISTING SIDEWALK ALONG THE AREAS OF FIRST AVE AND GRANT STREET AT THE PNC FIRST SIDE CENTER BUILDING LOCATED AT 500 FIRST AVE, PITTSBURGH, PA 15219",,DENA DIVIRGILIO,"RYCON CONSTRUCTION, INC",PENNDOT PUB. 213 COMPLIANT PEDESTRIAN DETOUR REQUIRED DURING ALL SIDEWALK CLOSURES. MAINTAIN ACCESS TO ADA RAMP FOR PEDESTRIAN DETOUR. AFTER OCTOBER 31ST THE DOMI INSPECTOR MUST BE NOTIFIED PRIOR TO BEGINNING RESTORATION. CONCRETE MAY ONLY BE PLACED WHEN THE TEMPERATURE IS 35 DEGREES AND RISING.  THE INSPECTOR MUST BE ON SITE OR OTHERWISE AVAILABLE TO VERIFY THE TEMPERATURE. THE DOMI INSPECTOR IS LIKELY TO REQUEST A SLIP WITH THE TIMESTAMP SHOWING WHEN THE PRODUCT WAS DELIVERED,7AM-5PM,7AM-5PM,8/4/25,12/31/25,f,FIRST AVE,GRANT ST,B WAY,f,t,f,f,t,1,2,1201,"[[40.43656337, -79.9987255], [40.4364111, -79.99838397], [40.43629384, -79.99806023], [40.43617651, -79.99773514], [40.43607594, -79.99746631]]","LINESTRING (40.43656337 -79.9987255, 40.4364111 -79.99838397, 40.43629384 -79.99806023, 40.43617651 -79.99773514, 40.43607594 -79.99746631)"
37,DOMI-SIDE-2025-08086-2,DOMI-SIDE-2025-08086,SIDEWALK REPAIR,"REMOVAL AND REPLACEMENT OF APPROXIMATELY 15,000.00 SQUARE FEET OF EXISTING SIDEWALK ALONG THE AREAS OF FIRST AVE AND GRANT STREET AT THE PNC FIRST SIDE CENTER BUILDING LOCATED AT 500 FIRST AVE, PITTSBURGH, PA 15219",,DENA DIVIRGILIO,"RYCON CONSTRUCTION, INC",PENNDOT PUB. 213 COMPLIANT PEDESTRIAN DETOUR REQUIRED DURING ALL SIDEWALK CLOSURES. MAINTAIN ACCESS TO ADA RAMP FOR PEDESTRIAN DETOUR. AFTER OCTOBER 31ST THE DOMI INSPECTOR MUST BE NOTIFIED PRIOR TO BEGINNING RESTORATION. CONCRETE MAY ONLY BE PLACED WHEN THE TEMPERATURE IS 35 DEGREES AND RISING.  THE INSPECTOR MUST BE ON SITE OR OTHERWISE AVAILABLE TO VERIFY THE TEMPERATURE. THE DOMI INSPECTOR IS LIKELY TO REQUEST A SLIP WITH THE TIMESTAMP SHOWING WHEN THE PRODUCT WAS DELIVERED,7AM-5PM,7AM-5PM,8/4/25,12/31/25,f,FIRST AVE,GRANT ST,B WAY,f,t,f,f,t,2,2,18330,"[[40.43607594, -79.99746631], [40.4359515, -79.99714503], [40.43583494, -79.99681997], [40.43577577, -79.99665045]]","LINESTRING (40.43607594 -79.99746631, 40.4359515 -79.99714503, 40.43583494 -79.99681997, 40.43577577 -79.99665045)"
38,DOMI-SIDE-2025-08676-1,DOMI-SIDE-2025-08676,SIDEWALK REPAIR,REPAIR CRACKS AND HOLES IN SIDEWALK,,,,,7AM-5PM,7AM-5PM,7/30/25,9/5/25,f,OAKWOOD RD,CANNON ST,CRAFTMONT AVE,f,f,t,f,t,1,1,249,"[[40.42805978, -80.06635316], [40.42780581, -80.06633456], [40.42766325, -80.06631439], [40.42745439, -80.06614733], [40.42739401, -80.06609854]]","LINESTRING (40.42805978 -80.06635316, 40.42780581 -80.06633456, 40.42766325 -80.06631439, 40.42745439 -80.06614733, 40.42739401 -80.06609854)"
39,DOMI-SIDE-2024-17373-1,DOMI-SIDE-2024-17373,SIDEWALK REPAIR,"SIDEWALK REPAIR TO OCCUR ON THE SIDEWALK FRONTING FIFTH AVENUE ON THE SOUTHERN SIDE OF FIFTH AVENUE BETWEEN ATWOOD STREET AND OAKLAND AVENUE. THERE IS APPROXIMATELY A 3-FT WIDE, 200-FT LONG SECTION OF SIDEWALK WITHIN THE RIGHT-OF WAY THAT WILL BE REPAIRED AS PART OF THIS PROPOSED WORK.WORK ZONE IS INSIDE THE BRT WORK ZONE.",,,"MBM CONTRACTING, INC",INSTALL TEMPORARY ADA RAMP AT THE EASTERN END OF THE WORK ZONE,ALL,ALL,6/23/25,6/19/26,f,FIFTH AVE,ATWOOD ST,DE SOTO ST,f,t,f,f,t,1,1,15934,"[[40.44177634, -79.95847194], [40.44197645, -79.95819323], [40.44202735, -79.95812335]]","LINESTRING (40.44177634 -79.95847194, 40.44197645 -79.95819323, 40.44202735 -79.95812335)"
40,DOMI-SIDE-2025-09867-1,DOMI-SIDE-2025-09867,SIDEWALK REPAIR,THIS PROJECT INCLUDES REPLACING EXISTING DEEP CONCRETE CURB AND REINFORCED CONCRETE SIDEWALK ON AN URBAN STREET IN ACCORDANCE WITH THE CITY OF PITTSBURGH STANDARDS.,,BRAD GROFF,INCLINE HOMES LLC,PENNDOT PUB. 213 COMPLIANT PEDESTRIAN DETOUR REQUIRED DURING ALL SIDEWALK CLOSURES.,7AM-5PM,7AM-5PM,8/8/25,9/6/25,f,BROAD ST,N PACIFIC AVE,N ATLANTIC AVE,f,f,t,f,t,1,1,8567,"[[40.46608415, -79.93972515], [40.466034, -79.93936895], [40.46598444, -79.93900468], [40.46593809, -79.93866119], [40.46589004, -79.93830729999999], [40.46588392, -79.93826351]]","LINESTRING (40.46608415 -79.93972515, 40.466034 -79.93936895, 40.46598444 -79.93900468, 40.46593809 -79.93866119, 40.46589004 -79.93830729999999, 40.46588392 -79.93826351)"
41,DOMI-PL-2024-13833-1,DOMI-PL-2024-13833,POLE,DLCO TO REPLACE POLE FOR 3RD PARTY ATTACHER - CROWNCASTLECOMCAST; VZ ATTACHED,,DUQUESNE LIGHT COMPANY DOMI ACCOUNT,,,7AM-5PM,7AM-5PM,9/17/24,9/7/25,f,EAZOR SQ,DEAD END,RAILROAD ST,f,t,t,f,f,1,1,8213,"[[40.46040161, -79.97560786], [40.46028328, -79.97546927], [40.46007869, -79.97522975], [40.45988871, -79.97500689], [40.45982653, -79.97493384]]","LINESTRING (40.46040161 -79.97560786, 40.46028328 -79.97546927, 40.46007869 -79.97522975, 40.45988871 -79.97500689, 40.45982653 -79.97493384)"
42,DOMI-SIDE-2025-09765-1,DOMI-SIDE-2025-09765,SIDEWALK REPAIR,REMOVE AND REPLACE FRONT SIDEWALK,,THOMAS THORP JR,,PENNDOT PUB. 213 COMPLIANT PEDESTRIAN DETOUR REQUIRED DURING ALL SIDEWALK CLOSURES.,7AM - 5PM,7AM - 5PM,8/8/25,9/7/25,f,MORNINGSIDE AVE,GREENWOOD ST,GAEL WAY,f,f,t,f,t,1,1,10214,"[[40.48642738, -79.92726777], [40.48664257, -79.9270086], [40.48684534, -79.92676655], [40.48696744, -79.9266253], [40.48718024, -79.92640201], [40.487403, -79.92619207], [40.48762509, -79.92598077], [40.48784144, -79.92576029], [40.48794545, -79.92567733]]","LINESTRING (40.48642738 -79.92726777, 40.48664257 -79.9270086, 40.48684534 -79.92676655, 40.48696744 -79.9266253, 40.48718024 -79.92640201, 40.487403 -79.92619207, 40.48762509 -79.92598077, 40.48784144 -79.92576029, 40.48794545 -79.92567733)"
43,DOMI-PL-2024-13405-1,DOMI-PL-2024-13405,POLE,DLCO TO INSTALL POLES FOR NEW CUSTOMER SERVICECOMCAST & VZ TO/ARE ATTACHED,,DUQUESNE LIGHT COMPANY DOMI ACCOUNT,DUQUESNE LIGHT COMPANY,,9AM-3PM,7AM-5PM,9/16/24,9/10/25,f,N CRAIG ST,BAUM BLVD,BIGELOW BLVD,f,t,t,f,t,1,1,18942,"[[40.45400157, -79.95333712], [40.45425226, -79.95348325], [40.45450087, -79.95363516], [40.45474901, -79.95378884], [40.45499725, -79.95394208], [40.45524576, -79.95409444], [40.45549434, -79.95424725], [40.45574276, -79.95440005], [40.45599163, -79.95455152], [40.45624068, -79.95470254], [40.45650993, -79.95486547], [40.45697637, -79.95515478]]","LINESTRING (40.45400157 -79.95333712, 40.45425226 -79.95348325, 40.45450087 -79.95363516, 40.45474901 -79.95378884, 40.45499725 -79.95394208, 40.45524576 -79.95409444, 40.45549434 -79.95424725, 40.45574276 -79.95440005, 40.45599163 -79.95455152, 40.45624068 -79.95470254, 40.45650993 -79.95486547, 40.45697637 -79.95515478)"
44,DOMI-PL-2024-14173-1,DOMI-PL-2024-14173,POLE,DLCO TO REPLACE POLEWORK COMPLETEDCOMCAST; VZ ATTACHED,,DUQUESNE LIGHT COMPANY DOMI ACCOUNT,DUQUESNE LIGHT COMPANY,,,,9/16/24,9/10/25,f,SMITHTON AVE,HENLEY ST,ELRENO ST,f,f,t,f,f,1,1,16645,"[[40.47574638, -80.02226841], [40.47559738, -80.02256273], [40.47545735, -80.02287174], [40.47530468, -80.02320864], [40.47517942, -80.02349163], [40.47504235, -80.02380298], [40.47490519, -80.02411478], [40.47476812, -80.02442613], [40.47461964, -80.02476316], [40.47460769, -80.02479916], [40.47455646, -80.02495654]]","LINESTRING (40.47574638 -80.02226841, 40.47559738 -80.02256273, 40.47545735 -80.02287174, 40.47530468 -80.02320864, 40.47517942 -80.02349163, 40.47504235 -80.02380298, 40.47490519 -80.02411478, 40.47476812 -80.02442613, 40.47461964 -80.02476316, 40.47460769 -80.02479916, 40.47455646 -80.02495654)"
45,DOMI-PL-2025-09781-1,DOMI-PL-2025-09781,POLE,REPLACE (1) POLE TAGGED 831/P6 LOCATED IN THE GRASS ON METZ WAY NEXT TO 2307 WOLFORD ST. RESTORE AS NECESSARY.,,VERIZON PENNSYLVANIA LLC DOMI ACCOUNT,,,7AM-5PM,7AM-5PM,8/12/25,9/12/25,f,PERRILYN ST,BEAUFORT AVE,DEAD END,f,t,t,f,t,1,1,16899,"[[40.39966399, -80.01709428], [40.39957113, -80.01710373], [40.39906694, -80.01682236], [40.3988147, -80.01668055], [40.39856244, -80.01653919], [40.398310200000004, -80.01639738], [40.39804573, -80.01624888], [40.39778983, -80.01610515]]","LINESTRING (40.39966399 -80.01709428, 40.39957113 -80.01710373, 40.39906694 -80.01682236, 40.3988147 -80.01668055, 40.39856244 -80.01653919, 40.398310200000004 -80.01639738, 40.39804573 -80.01624888, 40.39778983 -80.01610515)"
46,DOMI-PL-2024-14566-1,DOMI-PL-2024-14566,POLE,DLCO TO REPLACE DETERIORATED 30 DAY POLECOMCAST; VZ ATTACHED,,DUQUESNE LIGHT COMPANY DOMI ACCOUNT,DUQUESNE LIGHT COMPANY,,7AM-5PM,7AM-5PM,9/27/24,9/21/25,f,PLUM WAY,49TH ST,50TH ST,t,f,f,f,t,1,1,12881,"[[40.47781941, -79.95805108], [40.47801054, -79.95781102], [40.47820878, -79.95756266], [40.47840702, -79.95731385], [40.47861291, -79.95705584]]","LINESTRING (40.47781941 -79.95805108, 40.47801054 -79.95781102, 40.47820878 -79.95756266, 40.47840702 -79.95731385, 40.47861291 -79.95705584)"
47,DOMI-PL-2024-14353-1,DOMI-PL-2024-14353,POLE,DLCO TO REPLACE POLE FOR 3RD PARTY ATTACHER - CROWNCASTLEDQE COMM; COMCAST; VZ ATTACHED,,DUQUESNE LIGHT COMPANY DOMI ACCOUNT,DUQUESNE LIGHT COMPANY,,,,9/30/24,9/24/25,f,DINWIDDIE ST,OUR WAY,COLWELL ST,f,t,f,f,f,1,1,11104,"[[40.43869407, -79.98075726], [40.43896116, -79.98073240000001], [40.43905516, -79.98072563]]","LINESTRING (40.43869407 -79.98075726, 40.43896116 -79.98073240000001, 40.43905516 -79.98072563)"
48,DOMI-PL-2024-15223-1,DOMI-PL-2024-15223,POLE,"INSTALL ANCHOR FOR THIRD PARTY ATTACHER - CROWNCASTLEVZ, COMCAST ATTACHED",,DUQUESNE LIGHT COMPANY DOMI ACCOUNT,SARGENT ELECTRIC CO,CONTACT PITTSBURGH REGIONAL TRANSIT AT 412-566-5321 AT LEAST 48 HOURS PRIOR TO TRAVEL LANE OBSTRUCTIONS OR CLOSURES. CONTACT PITTSBURGH PUBLIC SCHOOLS AT TRANSPORTATION@PGHSCHOOLS.ORG AND 412-529-8125 DUE TO PROXIMITY TO SCHOOL. OBSTRUCTION MAY NOT PREVENT USE OF PERSON WITH DISABILITY RESERVED PARKING. MAINTAIN ACCESS TO WATER HYDRANT.,9:00AM - 3:00PM,7:00AM - 5:00PM,10/11/24,10/5/25,f,PERRYSVILLE AVE,RIVERVIEW AVE,CHERRYFIELD ST,f,t,t,f,f,1,1,8225,"[[40.48438143, -80.0146696], [40.48440661, -80.01478745], [40.48443352, -80.01487535], [40.48447044, -80.01497859999999], [40.48450554, -80.01505778], [40.48454991, -80.01513716], [40.48460295, -80.01523056], [40.48465985, -80.01530747], [40.48471377, -80.01536808], [40.48479218, -80.01545142], [40.48488126, -80.01552342], [40.48499381, -80.01560069], [40.48506549, -80.01562962]]","LINESTRING (40.48438143 -80.0146696, 40.48440661 -80.01478745, 40.48443352 -80.01487535, 40.48447044 -80.01497859999999, 40.48450554 -80.01505778, 40.48454991 -80.01513716, 40.48460295 -80.01523056, 40.48465985 -80.01530747, 40.48471377 -80.01536808, 40.48479218 -80.01545142, 40.48488126 -80.01552342, 40.48499381 -80.01560069, 40.48506549 -80.01562962)"
49,DOMI-PL-2024-15226-1,DOMI-PL-2024-15226,POLE,"REPLACE POLE FOR 3RD PARTY ATTACHER - CROWN CASTLECITY OF PGH, COMCAST, VZ ATTACHED",,DUQUESNE LIGHT COMPANY DOMI ACCOUNT,SARGENT ELECTRIC CO,CONTACT PITTSBURGH PUBLIC SCHOOLS AT TRANSPORTATION@PGHSCHOOLS.ORG AND 412-529-8125 DUE TO PROXIMITY TO SCHOOL.,7:00AM - 5:00PM,7:00AM - 5:00PM,10/11/24,10/5/25,f,PARKFIELD ST,WESTMONT AVE,SPOKANE AVE,f,t,t,f,t,1,2,7643,"[[40.39130092, -79.98782855], [40.39129398, -79.98819552], [40.39128513, -79.98855435], [40.39127637, -79.98891318], [40.39127149, -79.98911189], [40.39126273, -79.98947072], [40.39125397, -79.98982955], [40.39125263, -79.98988517], [40.39125028, -79.989981]]","LINESTRING (40.39130092 -79.98782855, 40.39129398 -79.98819552, 40.39128513 -79.98855435, 40.39127637 -79.98891318, 40.39127149 -79.98911189, 40.39126273 -79.98947072, 40.39125397 -79.98982955, 40.39125263 -79.98988517, 40.39125028 -79.989981)"
50,DOMI-PL-2024-15226-2,DOMI-PL-2024-15226,POLE,"REPLACE POLE FOR 3RD PARTY ATTACHER - CROWN CASTLECITY OF PGH, COMCAST, VZ ATTACHED",,DUQUESNE LIGHT COMPANY DOMI ACCOUNT,SARGENT ELECTRIC CO,CONTACT PITTSBURGH PUBLIC SCHOOLS AT TRANSPORTATION@PGHSCHOOLS.ORG AND 412-529-8125 DUE TO PROXIMITY TO SCHOOL.,7:00AM - 5:00PM,7:00AM - 5:00PM,10/11/24,10/5/25,f,PARKFIELD ST,WESTMONT AVE,SPOKANE AVE,f,t,t,f,t,2,2,30720,"[[40.39125028, -79.989981], [40.39123335, -79.9904934]]","LINESTRING (40.39125028 -79.989981, 40.39123335 -79.9904934)"