permit_id,work_description,work_type,normalized_description
DOMI-CS-2020-00042,MATERIAL STAGING FOR MAINLINE WORK (CM 9357)300 BLK 38TH ST (FROM LIBERTY AVE TO MINTWOOD ST),MATERIALS,MATERIAL STAGING FOR MAINLINE WORK (CM 9357)300 BLK 38TH ST (FROM LIBERTY AVE TO MINTWOOD ST)
DOMI-CS-2020-00364,STAIR TOWER AND SECURITY FENCE INSTALLED AT BUILDING INLET,SCAFFOLD,STAIR TOWER AND SECURITY FENCE INSTALLED AT BUILDING INLET
DOMI-CS-2020-00440,ERECT SCAFFOLDING FOR BRICK POINTING,SCAFFOLD,ERECT SCAFFOLDING FOR BRICK POINTING
DOMI-CS-2020-01602,STAGING FOR WORK ALONG TOPAZ ST AND ALONG THE ENRIGHT PARKLET  TOPAZ ST (FROM STAMAR WAY TO EUCLAIR WAY)ROADWAY,MATERIALS,STAGING FOR WORK ALONG TOPAZ ST AND ALONG THE ENRIGHT PARKLET TOPAZ ST (FROM STAMAR WAY TO EUCLAIR WAY)ROADWAY
DOMI-CS-2020-02849,"RENOVATION AND EXPANSION OF EXISTING BUILDING, THE AJ PALUMBO CENTER - LANE CLOSURE",BARRICADE,"RENOVATION AND EXPANSION OF EXISTING BUILDING, THE AJ PALUMBO CENTER - LANE CLOSURE"
DOMI-CS-2020-03323,UNLOADING AND ORGANIZING OF MATERIALS. SPACE NEEDED ON STREET FOR PARKING AND WORK AREA.,MATERIALS,UNLOADING AND ORGANIZING OF MATERIALS. SPACE NEEDED ON STREET FOR PARKING AND WORK AREA.
DOMI-CS-2020-04102,CRANE LIFT AT KELLY STRAYHORN THEATER,CRANE,CRANE LIFT AT KELLY STRAYHORN THEATER
DOMI-CS-2020-04672,POURING FOUNDATIONS FOR A NEW APARTMENT BUILDING,MACHINERY,POURING FOUNDATIONS FOR A NEW APARTMENT BUILDING
DOMI-CS-2020-04805,POWER WASHING BUILDING AND PAINTING SOFFIT AND FASCIA. NEED TO PUT 3 LEVELS OF SCAFFOLDING WITH SAFETY CANOPY FOR 4 WEEKS TO COMPLETE.,SCAFFOLD,POWER WASHING BUILDING AND PAINTING SOFFIT AND FASCIA. NEED TO PUT 3 LEVELS OF SCAFFOLDING WITH SAFETY CANOPY FOR 4 WEEKS TO COMPLETE.
DOMI-CS-2020-04818,CRANE LIFT AT MAGEE WOMEN'S RESEARCH INSTITUTE 204 CRAFT AVE.,CRANE,CRANE LIFT AT MAGEE WOMEN'S RESEARCH INSTITUTE 204 CRAFT AVE.
DOMI-CS-2020-07365,MATERIAL STAGING (CM 14448),MATERIALS,MATERIAL STAGING (CM 14448)
DOMI-CS-2020-08107,"NBC SPORTS IS COMING TO LIGHT OF LIFE RESCUE MISSION ON THANKSGIVING DAY TO HELP DISTRIBUTE FOOD, CLOTHING AND HYGIENE KITS FROM THE NBC SPORTS TRAILER. THERE WILL BE A MEDIA PRESENCE THERE ALSO. I WOULD NEED TO BLOCK OFF BOYLE ST IN BETWEEN CITRON WAY AND NORTH AVE TO PUT THE TRAILER, AND HAVE ENOUGH SPACE TO SERVE.",BARRICADE,"NBC SPORTS IS COMING TO LIGHT OF LIFE RESCUE MISSION ON THANKSGIVING DAY TO HELP DISTRIBUTE FOOD, CLOTHING AND HYGIENE KITS FROM THE NBC SPORTS TRAILER. THERE WILL BE A MEDIA PRESENCE THERE ALSO. I WOULD NEED TO BLOCK OFF BOYLE ST IN BETWEEN CITRON WAY AND NORTH AVE TO PUT THE TRAILER, AND HAVE ENOUGH SPACE TO SERVE."
DOMI-CS-2021-01278,NEW HOME CONSTRUCTION. WE'D LIKE TO BLOCK THE SIDEWALK AND A PORTION OF THE STREET OFF FOR STAGING,BARRICADE,NEW HOME CONSTRUCTION. WE'D LIKE TO BLOCK THE SIDEWALK AND A PORTION OF THE STREET OFF FOR STAGING
DOMI-CS-2021-01653,STAGE PIPELINE AND BACKFILL FOR MAYFAIR ST CONSTRUCTION JOB (CM 17300)CHARTIERS AVE (BETWEEN MAYFAIR ST AND HAVEN ST),MATERIALS,STAGE PIPELINE AND BACKFILL FOR MAYFAIR ST CONSTRUCTION JOB (CM 17300)CHARTIERS AVE (BETWEEN MAYFAIR ST AND HAVEN ST)
DOMI-CS-2021-02941,NEW SINGLE FAMILY RESIDENCE BEING CONSTRUCTED (BP-2020-03437)DEMOLITION PERMIT (DP-2020-03534)CURB CUT (DPW2007244),MATERIALS,NEW SINGLE FAMILY RESIDENCE BEING CONSTRUCTED (BP-2020-03437)DEMOLITION PERMIT (DP-2020-03534)CURB CUT (DPW2007244)
DOMI-CS-2021-03563,"TO CONDUCT AN INSPECTION & EMERGENCY REPAIRS ON BRICK FAÇADE. VARIOUS AREAS OF THE BRICK FAÇADE HAVE BEEN IDENTIFIED AS BEING POTENTIAL FALL HAZARDS. BRICK WILL BE RE-SECURED TO BUILDING AND REPAIRED LATER DURING TERRA COTTA REPAIR WORK, AS REQUIRED, PER INSPECTION REPORT.",BARRICADE,"TO CONDUCT AN INSPECTION & EMERGENCY REPAIRS ON BRICK FAÇADE. VARIOUS AREAS OF THE BRICK FAÇADE HAVE BEEN IDENTIFIED AS BEING POTENTIAL FALL HAZARDS. BRICK WILL BE RE-SECURED TO BUILDING AND REPAIRED LATER DURING TERRA COTTA REPAIR WORK, AS REQUIRED, PER INSPECTION REPORT."
DOMI-CS-2021-06353,SIDEWALK OVERHEAD PROTECTION SCAFFOLD ON BAYARD ST. BETWEEN N. CRAIG ST. TO MELWOOD AVE. FOR BUILDING RESTORATION AT KING EDWARD  APARTMENTS.,SCAFFOLD,SIDEWALK OVERHEAD PROTECTION SCAFFOLD ON BAYARD ST. BETWEEN N. CRAIG ST. TO MELWOOD AVE. FOR BUILDING RESTORATION AT KING EDWARD APARTMENTS.
DOMI-CS-2021-06388,STAGING OF MATERIALS FOR PIPELINE REPLACEMENT PROJECT (CM 19519)650-829 ARLINGTON AVE,MATERIALS,STAGING OF MATERIALS FOR PIPELINE REPLACEMENT PROJECT (CM 19519)650-829 ARLINGTON AVE
DOMI-CS-2021-07026,PHASE 3 MPT FOR NEW PRIVATE ROADWAY CONSTRUCTION AND CITY SIDEWALK REPLACEMENT.,BARRICADE,PHASE 3 MPT FOR NEW PRIVATE ROADWAY CONSTRUCTION AND CITY SIDEWALK REPLACEMENT.
DOMI-CS-2021-07474,REPLACING SIDING AT 5613 HOWE STREET.  WILL NEED SPACE TO STAGE MATERIALS FOR APPROXIMATELY 2 WEEKS,MATERIALS,REPLACING SIDING AT 5613 HOWE STREET. WILL NEED SPACE TO STAGE MATERIALS FOR APPROXIMATELY 2 WEEKS
DOMI-CS-2021-08500,"BARRICADE FOR APPROVED STATE RD CLOSURE, E CARSON ST BETWEEN S12TH ST & S15TH ST, ROAD IS CLOSED BETWEEN 5AM - 11PM MONDAY 7/12/2021",BARRICADE,"BARRICADE FOR APPROVED STATE RD CLOSURE, E CARSON ST BETWEEN S12TH ST & S15TH ST, ROAD IS CLOSED BETWEEN 5AM - 11PM MONDAY 7/12/2021"
DOMI-CS-2021-11706,LIFTING BUILDING MATERIALS ONTO THE ROOF OF 2100 WHARTON ST.,CRANE,LIFTING BUILDING MATERIALS ONTO THE ROOF OF 2100 WHARTON ST.
DOMI-CS-2021-13368,CLEANING OUT HOUSE AND CONSTRUCTION MATERIAL 849 SUISMON ST,DEMOLITION DUMPSTER,CLEANING OUT HOUSE AND CONSTRUCTION MATERIAL 849 SUISMON ST
DOMI-CS-2021-13673,BUILDING CLEANOUT,DEMOLITION DUMPSTER,BUILDING CLEANOUT
DOMI-CS-2022-04131,"LADDERS AND SCAFFOLDING TO BE PLACED FOR: REMOVE OLD K STYLE GUTTER, REMOVE FASCIA METAL AND FASCIA BOARD. FIX FASCIA BOARDS WHERE NEEDED, INSTALL NEW FASCIA METAL AND INSTALL A NEW CONTINUOUS MUSKET BROWN K STYLE 5 IN GUTTER ROUGHLY 200 FEET TOTAL THAT IS GOING TO BE BROKEN DOWN INTO TWO SECTIONS FOR THE FRONT AND BACK OF THE BUILDING. WHEN TAKING OFF THE OLD GUTTER SHINGLES ON ROOF WILL HAVE TO BE LIFTED TO REMOVE GUTTER IF ANYTHING IS DAMAGED IT WILL BE FIXED.",SCAFFOLD,"LADDERS AND SCAFFOLDING TO BE PLACED FOR: REMOVE OLD K STYLE GUTTER, REMOVE FASCIA METAL AND FASCIA BOARD. FIX FASCIA BOARDS WHERE NEEDED, INSTALL NEW FASCIA METAL AND INSTALL A NEW CONTINUOUS MUSKET BROWN K STYLE 5 IN GUTTER ROUGHLY 200 FEET TOTAL THAT IS GOING TO BE BROKEN DOWN INTO TWO SECTIONS FOR THE FRONT AND BACK OF THE BUILDING. WHEN TAKING OFF THE OLD GUTTER SHINGLES ON ROOF WILL HAVE TO BE LIFTED TO REMOVE GUTTER IF ANYTHING IS DAMAGED IT WILL BE FIXED."
DOMI-CS-2022-04305,1 MACHINE IN ROW TO OPEN MANHOLE FOR TELECOMMUNICATIONS WORK,MACHINERY,1 MACHINE IN ROW TO OPEN MANHOLE FOR TELECOMMUNICATIONS WORK
DOMI-CS-2022-05498,"PARTIAL CLOSURE OF SIDEWALK TO ACCOMMODATE MASONRY REPAIRS TO STRUCTURE FROM VEHICLE DAMAGE. SIDEWALK WILL BE CLOSED TO A MAXIMUM OF 5 FEET FROM BUILDING, STILL LEAVING A 5 FOOT PATH FOR PEDESTRIAN TRAFFIC",BARRICADE,"PARTIAL CLOSURE OF SIDEWALK TO ACCOMMODATE MASONRY REPAIRS TO STRUCTURE FROM VEHICLE DAMAGE. SIDEWALK WILL BE CLOSED TO A MAXIMUM OF 5 FEET FROM BUILDING, STILL LEAVING A 5 FOOT PATH FOR PEDESTRIAN TRAFFIC"
DOMI-CS-2022-07654,STAGING A CONCRETE PUMP AND CONCRETE TRUCK TO PUMP INTO THE SECOND FLOOR OF FIFTH AVENUE PLACE.,MATERIALS,STAGING A CONCRETE PUMP AND CONCRETE TRUCK TO PUMP INTO THE SECOND FLOOR OF FIFTH AVENUE PLACE.
DOMI-CS-2022-07830,REPAIR LEAKS,SCAFFOLD,REPAIR LEAKS
DOMI-CS-2022-08833,RESTORATION OF BUILDING (EXTERIOR),SCAFFOLD,RESTORATION OF BUILDING (EXTERIOR)
DOMI-CS-2022-08951,UNIVERSITY OF PITTSBURGH - ENDO RESEARCH BUILDING 35123FIFTH AVE. PGH PA 15213 / CRANE LIFTS FOR ROOF REPLACEMENT / SET UP CRANE (SMALL BOOM TRUCK) IN BUS LANE AND 1 INBOUND TRAVEL LANE ON FIFTH AVE. BETWEEN MCKEE PL. TO MEYRAN ST. / BUSES WILL BE CONTINUE TRAVEL EAST ON BUS LANE WITH FLAGGERS USING STOP & GO FLAGGING ( I.T.C. TRAFFIC CONTROL). ALL WORK WILL BE 7:00 PM TO 5:00 AM WEEKDAYS.,CRANE,UNIVERSITY OF PITTSBURGH - ENDO RESEARCH BUILDING 35123FIFTH AVE. PGH PA 15213 / CRANE LIFTS FOR ROOF REPLACEMENT / SET UP CRANE (SMALL BOOM TRUCK) IN BUS LANE AND 1 INBOUND TRAVEL LANE ON FIFTH AVE. BETWEEN MCKEE PL. TO MEYRAN ST. / BUSES WILL BE CONTINUE TRAVEL EAST ON BUS LANE WITH FLAGGERS USING STOP & GO FLAGGING ( I.T.C. TRAFFIC CONTROL). ALL WORK WILL BE 7:00 PM TO 5:00 AM WEEKDAYS.
DOMI-CS-2022-09453,ROOF REPLACEMENT SHINGLES ONLY,DEMOLITION DUMPSTER,ROOF REPLACEMENT SHINGLES ONLY
DOMI-CS-2022-09896,"THE PARKING SPACE WILL BE USED TO STORE STEEL PLATES FOR THE THACKERAY HALL PROJECT AT THE UOP166 THACKERAY AVE, PITTSBURGH, PA 15213",MATERIALS,"THE PARKING SPACE WILL BE USED TO STORE STEEL PLATES FOR THE THACKERAY HALL PROJECT AT THE UOP166 THACKERAY AVE, PITTSBURGH, PA 15213"
DOMI-CS-2022-11739,DUMPSTER PLACED TO REMOVED GARBAGE FROM NEWLY PURCHASED LOT.,DEMOLITION DUMPSTER,DUMPSTER PLACED TO REMOVED GARBAGE FROM NEWLY PURCHASED LOT.
DOMI-CS-2022-11887,CRANE LIFTS OF ROOFING MATERIALS TO ROOF OF THE MAVERICK - KASA PITTSBURGH HOTEL 120 SOUTH WHITFIELD ST. PGH PA 15206 / STRONGLAND ROOFING PERFORMING THE WORK,CRANE,CRANE LIFTS OF ROOFING MATERIALS TO ROOF OF THE MAVERICK - KASA PITTSBURGH HOTEL 120 SOUTH WHITFIELD ST. PGH PA 15206 / STRONGLAND ROOFING PERFORMING THE WORK
DOMI-CS-2022-11888,LIFTING MATERIAL ONTO THE ROOF OF 120 5TH AVE,CRANE,LIFTING MATERIAL ONTO THE ROOF OF 120 5TH AVE
DOMI-CS-2022-13018,REPAIR TO BRICK WALL UNDER SOFFIT AT 2ND FLOOR.,MACHINERY,REPAIR TO BRICK WALL UNDER SOFFIT AT 2ND FLOOR.
DOMI-CS-2022-13559,WE WILL HAVE A TRUCK STAGED ON THE 1ST AVE. FOR PHASE 1. THIS WILL BE MONDAY THRU FRIDAY 7AM UNTIL 3PM. WE WILL HAVE A TRUCK STAGED ON FORT PITT BLVD. FOR PHASE 2. THIS WILL BE MONDAY THRU FRIDAY FROM 7AM UNTIL 3PM.,MACHINERY,WE WILL HAVE A TRUCK STAGED ON THE 1ST AVE. FOR PHASE 1. THIS WILL BE MONDAY THRU FRIDAY 7AM UNTIL 3PM. WE WILL HAVE A TRUCK STAGED ON FORT PITT BLVD. FOR PHASE 2. THIS WILL BE MONDAY THRU FRIDAY FROM 7AM UNTIL 3PM.
DOMI-CS-2022-14295,WE WILL BE ERECTING STRUCTURAL STEEL AT THE FRONT OF 5428 WALNUT ST. ESTIMATED DURATION IS 1-2 DAYS.,CRANE,WE WILL BE ERECTING STRUCTURAL STEEL AT THE FRONT OF 5428 WALNUT ST. ESTIMATED DURATION IS 1-2 DAYS.
DOMI-CS-2022-15326,BUILDING FACADE REPAIRS,SCAFFOLD,BUILDING FACADE REPAIRS
DOMI-CS-2022-16512,INSPECT/RE-SECURE CROSS ORNAMENTS ON STEEPLES USING AN ARTICULATED MANLIFT.,BARRICADE,INSPECT/RE-SECURE CROSS ORNAMENTS ON STEEPLES USING AN ARTICULATED MANLIFT.
DOMI-CS-2023-01341,TEMPORARY LANE CLOSURE ALONG N. BRADDOCK AVENUE TO ALLOW FOR A SANITARY TIE IN AND A STORM TIE IN.,BARRICADE,TEMPORARY LANE CLOSURE ALONG N. BRADDOCK AVENUE TO ALLOW FOR A SANITARY TIE IN AND A STORM TIE IN.
DOMI-CS-2023-02656,WE WILL BE REMOVING AND REPLACING RETAINING WALLS ALONG THE DRIVEWAY THAT ARE LESS THAN 4' IN HEIGHT.,MATERIALS,WE WILL BE REMOVING AND REPLACING RETAINING WALLS ALONG THE DRIVEWAY THAT ARE LESS THAN 4' IN HEIGHT.
DOMI-CS-2023-03147,"MINOR MASONRY RESTORATION WORK REQUIRING THE CLOSURE OF THE SIDEWALK OUTSIDE OF 810 W. NORTH AVE,  15233",BARRICADE,"MINOR MASONRY RESTORATION WORK REQUIRING THE CLOSURE OF THE SIDEWALK OUTSIDE OF 810 W. NORTH AVE, 15233"
DOMI-CS-2023-04434,WORKING ON SIDE OF BUILDING BP-2022-11834 THE WORK IS DETAILED ON THE BUILDING PERMIT. REMOVING DIRT FROM THE BASEMENT VIA THE BELLEFONTE SIDE DOOR AND REPLACING SIDING ABOVE.,BARRICADE,WORKING ON SIDE OF BUILDING BP-2022-11834 THE WORK IS DETAILED ON THE BUILDING PERMIT. REMOVING DIRT FROM THE BASEMENT VIA THE BELLEFONTE SIDE DOOR AND REPLACING SIDING ABOVE.
DOMI-CS-2023-04591,10 FOOT DUMPSTER WILL BE PLACED ON STREET DIRECTLY IN FRONT OF HOUSE FROM MAY 20-21.,DEMOLITION DUMPSTER,10 FOOT DUMPSTER WILL BE PLACED ON STREET DIRECTLY IN FRONT OF HOUSE FROM MAY 20-21.
DOMI-CS-2023-05108,CANOPY STAGED TO PREVENT FALLING BRICKS AND DEBRIS FROM HITTING PEDESTRIANS,SCAFFOLD,CANOPY STAGED TO PREVENT FALLING BRICKS AND DEBRIS FROM HITTING PEDESTRIANS
DOMI-CS-2023-05505,"CONTRACTOR TO CCTV SEWER MAIN  TO LOCATE MH062D010, MH062D011, MH062D013 AND JCT062D010 ALONG PLAINVIEW AVENUE",MACHINERY,"CONTRACTOR TO CCTV SEWER MAIN TO LOCATE MH062D010, MH062D011, MH062D013 AND JCT062D010 ALONG PLAINVIEW AVENUE"
DOMI-CS-2023-05569,HOUSE CLEAN OUT IN PREPARATION FOR SALE,DEMOLITION DUMPSTER,HOUSE CLEAN OUT IN PREPARATION FOR SALE
DOMI-CS-2023-05827,ERECT SWING STAG SCAFFOLD FROM THE ROOF TO ACCESS THE FRONT AND LEFT ELEVATIONS. LOOSE OR  POORLY ANCHORED MASONRY WILL BE RESET.,SCAFFOLD,ERECT SWING STAG SCAFFOLD FROM THE ROOF TO ACCESS THE FRONT AND LEFT ELEVATIONS. LOOSE OR POORLY ANCHORED MASONRY WILL BE RESET.
DOMI-CS-2023-08312,SCAFFOLD ERECTED SO PEOPLE CAN WALK THROUGH IT.  WE ARE WORKING ON TE PARKING GARAGE PERMIT BP-2023-04324.  SITE CONTACT JEFF MARKER 724-331-4471,SCAFFOLD,SCAFFOLD ERECTED SO PEOPLE CAN WALK THROUGH IT. WE ARE WORKING ON TE PARKING GARAGE PERMIT BP-2023-04324. SITE CONTACT JEFF MARKER 724-331-4471
DOMI-CS-2023-08936,LIFTING AC UNITS ON TOP OF 3600 FORBES AVE WORKING HOURS 5AM-5PM,CRANE,LIFTING AC UNITS ON TOP OF 3600 FORBES AVE WORKING HOURS 5AM-5PM
DOMI-CS-2023-09452,DRIVEWAY REPLACEMENT,MATERIALS,DRIVEWAY REPLACEMENT
DOMI-CS-2023-10689,STAGING MATERIALS AND EQUIPMENT FOR EDGERTON AVE PROJECT (CM 15647),MATERIALS,STAGING MATERIALS AND EQUIPMENT FOR EDGERTON AVE PROJECT (CM 15647)
DOMI-CS-2023-10972,REPAIRING BOX GUTTERS,SCAFFOLD,REPAIRING BOX GUTTERS
DOMI-CS-2023-11892,WE NEED TO BLOCK ONE LANE OF GRANT ST. TO UNLOAD/LOAD MATERIALS FROM A TRUCK AND MOVE THEM INTO THE BUILDING. THIS WORK WILL TAKE ROUGHLY 3-4 HOURS AND WILL OCCUR AT THE INTERSECTION OF GRANT ST. AND OLIVER AVE. THE MATERIALS WILL BE GOING INTO THE STEEL PLAZA STATION ENTRANCE.,MATERIALS,WE NEED TO BLOCK ONE LANE OF GRANT ST. TO UNLOAD/LOAD MATERIALS FROM A TRUCK AND MOVE THEM INTO THE BUILDING. THIS WORK WILL TAKE ROUGHLY 3-4 HOURS AND WILL OCCUR AT THE INTERSECTION OF GRANT ST. AND OLIVER AVE. THE MATERIALS WILL BE GOING INTO THE STEEL PLAZA STATION ENTRANCE.
DOMI-CS-2023-12043,SET UP BUCKET TRUCK AND REMOVE ALL WIRELESS EQUIPMENT FROM THE LIGHT POLE LOCATED ON LINCOLN AVE. AT 40.450795 -80.017365. THE WORK WILL BE COMPLETED WITHIN 2-3 HOURS.  PT90XS056C,MACHINERY,SET UP BUCKET TRUCK AND REMOVE ALL WIRELESS EQUIPMENT FROM THE LIGHT POLE LOCATED ON LINCOLN AVE. AT 40.450795 -80.017365. THE WORK WILL BE COMPLETED WITHIN 2-3 HOURS. PT90XS056C
DOMI-CS-2023-12212,CRANE LIFTS OF HVAC EQUIPMENT ONTO THE ROOF AT 429 WOOD ST. PGH PA 15222 / THE BUILDING IS OWNED BY PNC AND IS UNDER CONSTRUCTION / MCKAMISH IS THE MECHANICAL CONTRACTOR,CRANE,CRANE LIFTS OF HVAC EQUIPMENT ONTO THE ROOF AT 429 WOOD ST. PGH PA 15222 / THE BUILDING IS OWNED BY PNC AND IS UNDER CONSTRUCTION / MCKAMISH IS THE MECHANICAL CONTRACTOR
DOMI-CS-2023-13214,PLACING A BAGSTER IN ON STREET PARKING AND FILLING IT WITH MATERIALS FROM INTERIOR RENOVATIONS.,DEMOLITION DUMPSTER,PLACING A BAGSTER IN ON STREET PARKING AND FILLING IT WITH MATERIALS FROM INTERIOR RENOVATIONS.
DOMI-CS-2024-00203,CCTV INSPECTION OF PWSA SEWERS.,MACHINERY,CCTV INSPECTION OF PWSA SEWERS.
DOMI-CS-2024-00229,MANHOLE INSPECTIONS AND DUCTPROOFING. NO EXCAVATION OR OPENING OF PAVEMENT WILL OCCUR. WORK IS FOR INTERSECTION OF MARTINDALE AND MERCHANT. THIS WORK IS RELATED TO THE DLC SCOPE OF THE ALCOSAN PROJECT.,MACHINERY,MANHOLE INSPECTIONS AND DUCTPROOFING. NO EXCAVATION OR OPENING OF PAVEMENT WILL OCCUR. WORK IS FOR INTERSECTION OF MARTINDALE AND MERCHANT. THIS WORK IS RELATED TO THE DLC SCOPE OF THE ALCOSAN PROJECT.
DOMI-CS-2024-00789,WE WILL BE REMOVING 5 HONEY LOCUST TREES LINING THE SIDEWALK ON FIFTH AVENUE BESIDE OF TRIANGLE PARK. WE WILL NEED TO CLOSE ACCESS TO THE SIDEWALK WHILE PERFORMING THIS WORK.,BARRICADE,WE WILL BE REMOVING 5 HONEY LOCUST TREES LINING THE SIDEWALK ON FIFTH AVENUE BESIDE OF TRIANGLE PARK. WE WILL NEED TO CLOSE ACCESS TO THE SIDEWALK WHILE PERFORMING THIS WORK.
DOMI-CS-2024-00819,CLEANING/PRE-CCTV WORK ON SEWER LINES ALONG FIELDING WAY.,MACHINERY,CLEANING/PRE-CCTV WORK ON SEWER LINES ALONG FIELDING WAY.
DOMI-CS-2024-00984,DUMPSTER FOR CONSTRUCTION DEBRIS DURING DRYWALLING,DEMOLITION DUMPSTER,DUMPSTER FOR CONSTRUCTION DEBRIS DURING DRYWALLING
DOMI-CS-2024-01112,CONTRACTOR WILL BE PERFORMING TOP HAT INSTALLATION NEAR 500 N NEGLEY AVE.,MACHINERY,CONTRACTOR WILL BE PERFORMING TOP HAT INSTALLATION NEAR 500 N NEGLEY AVE.
DOMI-CS-2024-01192,REMOVING GARBAGE NEEDS DUMPSTER,DEMOLITION DUMPSTER,REMOVING GARBAGE NEEDS DUMPSTER
DOMI-CS-2024-01287,MANHOLE SURVEYING AT 3 LOCATIONS ON CORLISS ST AND RUDD ST,MACHINERY,MANHOLE SURVEYING AT 3 LOCATIONS ON CORLISS ST AND RUDD ST
DOMI-CS-2024-04440,DISPOSAL OF TRASH GENERATED BY ONGOING RENOVATION,DEMOLITION DUMPSTER,DISPOSAL OF TRASH GENERATED BY ONGOING RENOVATION
DOMI-CS-2024-04583,STAGING AREA FOR PENN AVE CONSTRUCTION PROJECT (CM 32915)S AIKEN AVE (ALONG 5404 PENN AVE),MATERIALS,STAGING AREA FOR PENN AVE CONSTRUCTION PROJECT (CM 32915)S AIKEN AVE (ALONG 5404 PENN AVE)
DOMI-CS-2024-04659,WE ARE WORKING ON A REPAIR TO A PAST PROJECT DUE TO DAMAGE CAUSED BY THE EXCESSIVE RAINFALLS RECENTLY.,MATERIALS,WE ARE WORKING ON A REPAIR TO A PAST PROJECT DUE TO DAMAGE CAUSED BY THE EXCESSIVE RAINFALLS RECENTLY.
DOMI-CS-2024-04849,"BACKYARD PATIO REHABILITATION, INSTALLING NEW COURTYARD PATIO WITH AGGREGATE STAGING REQUIRED",MATERIALS,"BACKYARD PATIO REHABILITATION, INSTALLING NEW COURTYARD PATIO WITH AGGREGATE STAGING REQUIRED"
DOMI-CS-2024-05623,"BACKYARD DIRT, BRICKS, AND TRASH REMOVAL AND REMODELING OF CONCRETE PADS, GATES AND FENCE.",DEMOLITION DUMPSTER,"BACKYARD DIRT, BRICKS, AND TRASH REMOVAL AND REMODELING OF CONCRETE PADS, GATES AND FENCE."
DOMI-CS-2024-06046,TENANT FITOUT,DEMOLITION DUMPSTER,TENANT FITOUT
DOMI-CS-2024-08364,CRANE LIFTS OF HVAC EQUIPMENT AT A NEW HUNTINGTON BANK AT500 LIBERTY AVE. (FORMER SITE OF OLD MCDONALD'S STORE),CRANE,CRANE LIFTS OF HVAC EQUIPMENT AT A NEW HUNTINGTON BANK AT500 LIBERTY AVE. (FORMER SITE OF OLD MCDONALD'S STORE)
DOMI-CS-2024-08603,"THE PROJECT IS LOCATED AT THE HIGHMARK BUILDING (120 FIFTH AVE, PITTSBURGH, PA 15222). WE WOULD LIKE TO INSTALL A BARRICADE ALONG A PORTION OF STANWIX STREET, PENN AVENUE, AND A SMALL PORTION OF FIFTH AVENUE. THERE WILL BE A DUMPSTER AND MATERIAL LAYDOWN WITHIN THIS BARRICADE. THIS INCLUDES CLOSE A PORTION OF ONE OF THE LANES OF TRAFFIC ALONG STANWIX ST BETWEEN PENN AVE & LIBERTY AVENUE TO CREATE THIS LAYDOWN AREA. THIS WOULDN’T REQUIRE DETOURING OF THE BIKE LANE OR CLOSURE OF ANYTHING ALONG PENN AVE BUT WILL CREATE A MERGE POINT AND RESTRICTED TRAFFIC FLOW TO A SINGLE LANE ALONG STANWIX FOR THIS HALF A BLOCK.",BARRICADE,"THE PROJECT IS LOCATED AT THE HIGHMARK BUILDING (120 FIFTH AVE, PITTSBURGH, PA 15222). WE WOULD LIKE TO INSTALL A BARRICADE ALONG A PORTION OF STANWIX STREET, PENN AVENUE, AND A SMALL PORTION OF FIFTH AVENUE. THERE WILL BE A DUMPSTER AND MATERIAL LAYDOWN WITHIN THIS BARRICADE. THIS INCLUDES CLOSE A PORTION OF ONE OF THE LANES OF TRAFFIC ALONG STANWIX ST BETWEEN PENN AVE & LIBERTY AVENUE TO CREATE THIS LAYDOWN AREA. THIS WOULDN’T REQUIRE DETOURING OF THE BIKE LANE OR CLOSURE OF ANYTHING ALONG PENN AVE BUT WILL CREATE A MERGE POINT AND RESTRICTED TRAFFIC FLOW TO A SINGLE LANE ALONG STANWIX FOR THIS HALF A BLOCK."
DOMI-CS-2024-09157,ERECT SCAFFOLDING IN FRONT OF HOUSE TO DO MASONRY RESTORATION WORK ON FRONT OF HOUSE,SCAFFOLD,ERECT SCAFFOLDING IN FRONT OF HOUSE TO DO MASONRY RESTORATION WORK ON FRONT OF HOUSE
DOMI-CS-2024-10556,REMOVE AND REPLACE CELL EQUIPMENT,CRANE,REMOVE AND REPLACE CELL EQUIPMENT
DOMI-CS-2024-10776,NEED A DUMPSTER TO DISPOSE TRASH GENERATED BY AN ONGOING RENOVATION.,DEMOLITION DUMPSTER,NEED A DUMPSTER TO DISPOSE TRASH GENERATED BY AN ONGOING RENOVATION.
DOMI-CS-2024-11937,STAGING OF EQUIPMENT ON THE ROADWAY AT 2320 LUTZ AVENUE WHILE CCTV-ING SEWERLINE (MH095M020-MH095M019).,MACHINERY,STAGING OF EQUIPMENT ON THE ROADWAY AT 2320 LUTZ AVENUE WHILE CCTV-ING SEWERLINE (MH095M020-MH095M019).
DOMI-CS-2024-12771,CLEANING OUT BUILDING. WILL HAVE LOTS OF OLD FURNITURE AND HOUSE MATERIALS. REQUESTING A 30 YD. DUMPSTER.,DEMOLITION DUMPSTER,CLEANING OUT BUILDING. WILL HAVE LOTS OF OLD FURNITURE AND HOUSE MATERIALS. REQUESTING A 30 YD. DUMPSTER.
DOMI-CS-2024-12918,THIS PROJECT WILL CONSIST OF HVAC UPGRADES ON THE EXTERIOR AND INTERIOR OF UNIVERSITY OF PITTSBURGH BENEDUM HALL.,BARRICADE,THIS PROJECT WILL CONSIST OF HVAC UPGRADES ON THE EXTERIOR AND INTERIOR OF UNIVERSITY OF PITTSBURGH BENEDUM HALL.
DOMI-CS-2024-13620,REMOVAL OF ITEMS WITHIN A STRUCTURE - NO DEMOLITION.  REQUIRE DUMPSTER FOR REMOVAL OF TRASH,BARRICADE,REMOVAL OF ITEMS WITHIN A STRUCTURE - NO DEMOLITION. REQUIRE DUMPSTER FOR REMOVAL OF TRASH
DOMI-CS-2024-17756,TUDI MECHANICAL LIFTING HVAC EQUIPMENT ONTO ROOF AT MOTOR SQUARE GARDEN 5900 BAUM BLVD. PGH PA 15206,CRANE,TUDI MECHANICAL LIFTING HVAC EQUIPMENT ONTO ROOF AT MOTOR SQUARE GARDEN 5900 BAUM BLVD. PGH PA 15206
DOMI-CS-2024-18368,700 FILBERT ST DIVERSE ROUTE - 2THIS IS A NET PGH JOB - PR-2024-002353CROWN CASTLE PROPOSES TO CONSTRUCT NEW STRAND AND FIBER ON THE POLE LINE ALONG BELEFONTE ST.,MACHINERY,700 FILBERT ST DIVERSE ROUTE - 2THIS IS A NET PGH JOB - PR-2024-002353CROWN CASTLE PROPOSES TO CONSTRUCT NEW STRAND AND FIBER ON THE POLE LINE ALONG BELEFONTE ST.
DOMI-CS-2025-03882,PHASE 2 FOR CONSTRUCTION BARRICADE ALONG MARKET STREET BETWEEN 1ST AVENUE AND FORT PITT BOULEVARD.  THIS WOULD EXTEND THE CURRENT PHASE 1 CONSTRUCTION STAGING PERMIT TO WRAP AROUND THE FIRST AND MARKET BUILDING AND ENCOMPASS A PARKING LANE ON MARKET STREET DURING CONSTRUCTION.,BARRICADE,PHASE 2 FOR CONSTRUCTION BARRICADE ALONG MARKET STREET BETWEEN 1ST AVENUE AND FORT PITT BOULEVARD. THIS WOULD EXTEND THE CURRENT PHASE 1 CONSTRUCTION STAGING PERMIT TO WRAP AROUND THE FIRST AND MARKET BUILDING AND ENCOMPASS A PARKING LANE ON MARKET STREET DURING CONSTRUCTION.
DOMI-CS-2025-04099,DLCO PULLING CABLE AND SPLICING ON MANHOLES,MACHINERY,DLCO PULLING CABLE AND SPLICING ON MANHOLES
DOMI-CS-2025-04182,"BUILDING EXTERIOR CURTAIN WALL INSPECTIONS & WINDOW CLEANING. 501 PENN AVENUE PLACE; STREETS WHERE JLG WILL OPERATE FROM ALLEY SIDE, FT. DUQUESNE BLVD, STANWIX STREET & PENN AVENUE. (1) ONE JLG TO OPERATE FROM CURB LANE. FLAGMAN TO ASSIST WITH TRAFFIC CONTROL. WORKING DATES: 04/21/2025 THRU 04/27/2025. WEEKDAY HOURS: 9AM - 2PM. WEEKEND HOURS: 7AM - 1PM.",MACHINERY,"BUILDING EXTERIOR CURTAIN WALL INSPECTIONS & WINDOW CLEANING. 501 PENN AVENUE PLACE; STREETS WHERE JLG WILL OPERATE FROM ALLEY SIDE, FT. DUQUESNE BLVD, STANWIX STREET & PENN AVENUE. (1) ONE JLG TO OPERATE FROM CURB LANE. FLAGMAN TO ASSIST WITH TRAFFIC CONTROL. WORKING DATES: 04/21/2025 THRU 04/27/2025. WEEKDAY HOURS: 9AM - 2PM. WEEKEND HOURS: 7AM - 1PM."
DOMI-CS-2025-05091,ERECTION OF SCAFFOLDING.  PRESSURE WASHING AND PAINTING OFF THE EXISTING FIRE ESCAPE.,SCAFFOLD,ERECTION OF SCAFFOLDING. PRESSURE WASHING AND PAINTING OFF THE EXISTING FIRE ESCAPE.
DOMI-CS-2025-05663,LIFT HVAC ON TO ROOF,CRANE,LIFT HVAC ON TO ROOF
DOMI-CS-2025-06464,BURNS& SCALO ROOFING WILL BE LIFTING ROOFING MATERIALS AT THE MADISON ON BELLEFIELD CONDO'S 220 N. BELLEFIELD AVE. PGH PA 15213 / PRIOR PERMITS WERE; DOMI-CS-2025-04617 & DOMI-CS-2025-03520,CRANE,BURNS& SCALO ROOFING WILL BE LIFTING ROOFING MATERIALS AT THE MADISON ON BELLEFIELD CONDO'S 220 N. BELLEFIELD AVE. PGH PA 15213 / PRIOR PERMITS WERE; DOMI-CS-2025-04617 & DOMI-CS-2025-03520
DOMI-CS-2025-07617,WE WILL INSTALLING SCAFFOLDING TO ACCOMMODATE A TRASH CHUTE FOR REMOVING DEBRIS OFF THE ROOF AND MAINTAIN A SAFE PEDESTRIAN WALKWAY.,SCAFFOLD,WE WILL INSTALLING SCAFFOLDING TO ACCOMMODATE A TRASH CHUTE FOR REMOVING DEBRIS OFF THE ROOF AND MAINTAIN A SAFE PEDESTRIAN WALKWAY.
DOMI-CS-2025-08028,LIFTING A TEMPORARY CHILLER ONTO THE ROOF OF THE WARNER CENTER.JULY 19. 7AM-5PM,CRANE,LIFTING A TEMPORARY CHILLER ONTO THE ROOF OF THE WARNER CENTER.JULY 19. 7AM-5PM
DOMI-CS-2025-08064,MASSARO CORPORATION DOING REPAIRS ON INSIDE ELEVATOR AT THE BENEDUM THEATER 237 7TH ST. PGH PA 15222,BARRICADE,MASSARO CORPORATION DOING REPAIRS ON INSIDE ELEVATOR AT THE BENEDUM THEATER 237 7TH ST. PGH PA 15222
DOMI-CS-2025-08154,RENOVATION OF BUILDING AND BUILDING OF AN ADDITION. PERMIT NEEDED FOR MATERIAL DELIVERY AND STORAGE.,MATERIALS,RENOVATION OF BUILDING AND BUILDING OF AN ADDITION. PERMIT NEEDED FOR MATERIAL DELIVERY AND STORAGE.
DOMI-CS-2025-08171,PARTIAL REMODEL - STORM DAMAGE REPAIR,DEMOLITION DUMPSTER,PARTIAL REMODEL - STORM DAMAGE REPAIR
DOMI-CS-2025-08239,"THE ANDY WARHOL BRIDGE (7TH STREET BRIDGE) IS SCHEDULED FOR ROUTINE BRIDGE INSPECTION WORK BY ALLEGHENY COUNTY DEPARTMENT OF PUBLIC WORKS, TO ENSURE STRUCTURAL SAFETY. A COMPLETE CLOSURE OF THE BRIDGE IS REQUIRED TO COMPLETE THIS WORK TO ENSURE SAFETY OF THE PUBLIC WHILE HATCHES ARE OPENED AT THE STREET LEVEL.",BARRICADE,"THE ANDY WARHOL BRIDGE (7TH STREET BRIDGE) IS SCHEDULED FOR ROUTINE BRIDGE INSPECTION WORK BY ALLEGHENY COUNTY DEPARTMENT OF PUBLIC WORKS, TO ENSURE STRUCTURAL SAFETY. A COMPLETE CLOSURE OF THE BRIDGE IS REQUIRED TO COMPLETE THIS WORK TO ENSURE SAFETY OF THE PUBLIC WHILE HATCHES ARE OPENED AT THE STREET LEVEL."
DOMI-CS-2025-09632,MBM CONTRACTING WILL BE ERECTING THE FINAL ARCHWAY STEEL  BEAMS AT THE DUQUESNE UNIVERSITY FISHER HALL PEDESTRIAN BRIDGE (SKYWALK) REHABILITATION 711 FORBES AVE. PGH PA 15219 / PRIOR PERMIT WAS DOMI-CS-2025-04142FULL CLOSURE OF FORBES AVE. / DATES: FRIDAY 8-8-25 @ 8 PM THRU MNODAY 8-11-25 @ 6 AM,CRANE,MBM CONTRACTING WILL BE ERECTING THE FINAL ARCHWAY STEEL BEAMS AT THE DUQUESNE UNIVERSITY FISHER HALL PEDESTRIAN BRIDGE (SKYWALK) REHABILITATION 711 FORBES AVE. PGH PA 15219 / PRIOR PERMIT WAS DOMI-CS-2025-04142FULL CLOSURE OF FORBES AVE. / DATES: FRIDAY 8-8-25 @ 8 PM THRU MNODAY 8-11-25 @ 6 AM
DOMI-CS-2025-09808,PHOENIX ROOFING WILL BE LIFTING ROOFING MATERIALS ONTO THE ROOF ALONG FIFTH AVE. SIDE OF BUILDING,CRANE,PHOENIX ROOFING WILL BE LIFTING ROOFING MATERIALS ONTO THE ROOF ALONG FIFTH AVE. SIDE OF BUILDING
DOMI-CS-2025-11520,CRANE LIFTS AT AHN - WEST PENN HOSPITAL 4800 FRIENDSHIP AVE. PGH PA 15224 / S. MILLVALE AVE. CLOSUREFRIDAY 9-12-25 TIME: 11 PM THRU SUNDAY 9-14-25 END TIME 6 PM,CRANE,CRANE LIFTS AT AHN - WEST PENN HOSPITAL 4800 FRIENDSHIP AVE. PGH PA 15224 / S. MILLVALE AVE. CLOSUREFRIDAY 9-12-25 TIME: 11 PM THRU SUNDAY 9-14-25 END TIME 6 PM
DOMI-CS-2025-12463,"THE ISLAND AT FORBES AND SCHENLEY DR. EXTENSION NEEDS TO BE BACKFILLED AND LANDSCAPED (SOIL, MULCH AND PLANTS). THIS WORK WILL BE DONE DAYSHIFT FROM 8:00 AM - 4:00 PM. PATA 125A- SINGLE LANE CLOSURE DURING WORK HOURS.",MATERIALS,"THE ISLAND AT FORBES AND SCHENLEY DR. EXTENSION NEEDS TO BE BACKFILLED AND LANDSCAPED (SOIL, MULCH AND PLANTS). THIS WORK WILL BE DONE DAYSHIFT FROM 8:00 AM - 4:00 PM. PATA 125A- SINGLE LANE CLOSURE DURING WORK HOURS."
DOMI-CS-2025-13539,CONSTRUCT FULL HEIGHT BUILDING SCAFFOLDING ON THE SIDEWALK OF PENN AVE IN FRONT 819 PENN AVE BUILDING IN ORDER TO REPAIR EXISTING ROOF PARAPET AND COMPLETE MISC. FACADE REPAIR APART OF BDA-2025-03791 PERMIT.,SCAFFOLD,CONSTRUCT FULL HEIGHT BUILDING SCAFFOLDING ON THE SIDEWALK OF PENN AVE IN FRONT 819 PENN AVE BUILDING IN ORDER TO REPAIR EXISTING ROOF PARAPET AND COMPLETE MISC. FACADE REPAIR APART OF BDA-2025-03791 PERMIT.
DOMI-CS-2025-13834,REPAIR HPFF MH3525ORIGINAL PERMIT EXPIRED DOMI-CS-2025-10792,MACHINERY,REPAIR HPFF MH3525ORIGINAL PERMIT EXPIRED DOMI-CS-2025-10792
DOMI-CS-2026-00243,GRACIANO CORPORATION WILL BE PERFORMING FACADE REPAIRS AT THE CITIZENS BANK3718 5TH AVE. PGH PA 15213 / SCAFFOLD WILL BE ERECTED ON 5TH AVE. (FRONT OF BUILDING) & ON OAKLAND AVE. (SIDE OF BUILDING ? PRIOR PERMIT WAS DOMI-CS-2025-12044 WHICH COULD NOT BE EXTENDED AGAIN .,SCAFFOLD,GRACIANO CORPORATION WILL BE PERFORMING FACADE REPAIRS AT THE CITIZENS BANK3718 5TH AVE. PGH PA 15213 / SCAFFOLD WILL BE ERECTED ON 5TH AVE. (FRONT OF BUILDING) & ON OAKLAND AVE. (SIDE OF BUILDING ? PRIOR PERMIT WAS DOMI-CS-2025-12044 WHICH COULD NOT BE EXTENDED AGAIN .
DOMI-CS-2026-00354,ROOF REPLACEMENT MATERIALS NEEDING TO BE PLACED ON ROOFTOP,CRANE,ROOF REPLACEMENT MATERIALS NEEDING TO BE PLACED ON ROOFTOP
DOMI-CS-2026-01505,DEMOLITION DUMPSTER FOR CONSTRUCTION DEBRIS,DEMOLITION DUMPSTER,DEMOLITION DUMPSTER FOR CONSTRUCTION DEBRIS
DOMI-CS-2026-02786,LANE CLOSURE FOR SURVEY SWINBURNE STREET FOR THE SWINBURNE BRIDGE PROJECT.  THIS IS A CITY PROJECT AND FEES SHOULD BE WAIVED.1 LANE WITH FLAGGERSWORK HOURS 9AM-3PM,BARRICADE,LANE CLOSURE FOR SURVEY SWINBURNE STREET FOR THE SWINBURNE BRIDGE PROJECT. THIS IS A CITY PROJECT AND FEES SHOULD BE WAIVED.1 LANE WITH FLAGGERSWORK HOURS 9AM-3PM
DOMI-CS-2026-03200,DUMPSTER PLACED ON STREET DUE TO ROOF REPLACEMENT ON HOME.,DEMOLITION DUMPSTER,DUMPSTER PLACED ON STREET DUE TO ROOF REPLACEMENT ON HOME.
DOMI-CS-2026-03570,"DAS 2 // SC-PA 1115 GRANDVIEW AVE 409333 MODIFICATION/UPGRADE TO AN EXISTING SMALL WIRELESS FACILITY. ROW OCCUPANCY ONLY, NO EXCAVATION NEEDED FOR THIS WORK. PREVIOUSLY PERMITTED UNDER DOMI-2025-13383 AND DOMI-CS-2024-11873.  EXTENSION EXPIRED ON 1/14/2026.  NO CHANGES TO THE CONSTRUCTION DRAWING OR SCOPE OF WORK. NFL DRAFT",MACHINERY,"DAS 2 // SC-PA 1115 GRANDVIEW AVE 409333 MODIFICATION/UPGRADE TO AN EXISTING SMALL WIRELESS FACILITY. ROW OCCUPANCY ONLY, NO EXCAVATION NEEDED FOR THIS WORK. PREVIOUSLY PERMITTED UNDER DOMI-2025-13383 AND DOMI-CS-2024-11873. EXTENSION EXPIRED ON 1/14/2026. NO CHANGES TO THE CONSTRUCTION DRAWING OR SCOPE OF WORK. NFL DRAFT"
DOMI-CS-2026-03701,CLIMATECH INC. INSTALLING HVAC EQUIPMENT AT THE MAY BUILDING 111 5TH AVE. PGH PA 15222,CRANE,CLIMATECH INC. INSTALLING HVAC EQUIPMENT AT THE MAY BUILDING 111 5TH AVE. PGH PA 15222
DOMI-CS-2026-03827,FRANCO CONSTRUCTION ASSOCIATES WILL BE PERFORMING EMERGENCY FACADE - PARAPET ROOFING REPAIRS AT TRADER JOE'S BUILDING 6343 PENN AVE. PGH PA 15206 / THE PARAPET IS IN NEED OF IMMEDIATE REPAIRS,SCAFFOLD,FRANCO CONSTRUCTION ASSOCIATES WILL BE PERFORMING EMERGENCY FACADE - PARAPET ROOFING REPAIRS AT TRADER JOE'S BUILDING 6343 PENN AVE. PGH PA 15206 / THE PARAPET IS IN NEED OF IMMEDIATE REPAIRS
DOMI-CS-2026-04052,"THE PROJECT INVOLVES THE COMPLETE REMOVAL OF UP TO TWO LAYERS OF EXISTING ASPHALT ROOF SHINGLES AND UNDERLAYMENT, FOLLOWED BY THE INSTALLATION OF GAF PREMIUM SHINGLES AND AN INSPECTION OF THE UNDERLYING PLYWOOD DECKING, WITH ANY DAMAGED SECTIONS BEING REPLACED AS NECESSARY. NO STRUCTURAL CHANGES. THE DUMPSTER WILL BE IN THE STREET, ALONG THE WALKWAY IN FRONT OF THE HOUSE.",DEMOLITION DUMPSTER,"THE PROJECT INVOLVES THE COMPLETE REMOVAL OF UP TO TWO LAYERS OF EXISTING ASPHALT ROOF SHINGLES AND UNDERLAYMENT, FOLLOWED BY THE INSTALLATION OF GAF PREMIUM SHINGLES AND AN INSPECTION OF THE UNDERLYING PLYWOOD DECKING, WITH ANY DAMAGED SECTIONS BEING REPLACED AS NECESSARY. NO STRUCTURAL CHANGES. THE DUMPSTER WILL BE IN THE STREET, ALONG THE WALKWAY IN FRONT OF THE HOUSE."
DOMI-CS-2026-04282,"ROOF, REPLACE SHINGLES",DEMOLITION DUMPSTER,"ROOF, REPLACE SHINGLES"
DOMI-CS-2026-07465,SIDEWALK CLOSURE FOR STAGING OF WORK BY ANOTHER CONTRACTOR.,BARRICADE,SIDEWALK CLOSURE FOR STAGING OF WORK BY ANOTHER CONTRACTOR.
DOMI-CS-2026-08315,PLACEMENT OF SCAFFOLDING TO CONDUCT REPAIRS,SCAFFOLD,PLACEMENT OF SCAFFOLDING TO CONDUCT REPAIRS
DOMI-CS-2026-08811,DLCO DOING HPFF MANHOLE INSPECTIONS,MACHINERY,DLCO DOING HPFF MANHOLE INSPECTIONS
DOMI-CS-2026-08875,STAGING AREA FOR WORK ON PENN AVE,MATERIALS,STAGING AREA FOR WORK ON PENN AVE
DOMI-CS-2026-09316,DUMPSTER TO BE PLACED ON THE STREET FOR THE DURATION OF THE PROJECT.,DEMOLITION DUMPSTER,DUMPSTER TO BE PLACED ON THE STREET FOR THE DURATION OF THE PROJECT.
DOMI-CS-2026-09462,CONTRACTOR WILL BE PERFORMING CIPP INSTALLATION NEAR 7501 HAMILTON AVE.  NO ROAD SURFACE WORK.  SINKHOLE SITE.,MACHINERY,CONTRACTOR WILL BE PERFORMING CIPP INSTALLATION NEAR 7501 HAMILTON AVE. NO ROAD SURFACE WORK. SINKHOLE SITE.
DOMI-CS-2026-09535,FRANCO CONSTRUCTION ASSOCIATES WILL BE CONTINUING EMERGENCY FACADE - PARAPET ROOFING REPAIRS AT TRADER JOE'S STORE 6343 PENN AVE. PGH A 15206 / THE PARAPET IS IN NEED OF IMMEDIATE REPAIRS / PRIOR PERMIT # DOMI-CS-2026-03827,SCAFFOLD,FRANCO CONSTRUCTION ASSOCIATES WILL BE CONTINUING EMERGENCY FACADE - PARAPET ROOFING REPAIRS AT TRADER JOE'S STORE 6343 PENN AVE. PGH A 15206 / THE PARAPET IS IN NEED OF IMMEDIATE REPAIRS / PRIOR PERMIT # DOMI-CS-2026-03827
DOMI-CS-2026-10126,THE CONTRACTOR WILL BE CCTCVING THE STORM AND SEWER LINE IN THE REAR ON 1048 SANKEY CT.,MACHINERY,THE CONTRACTOR WILL BE CCTCVING THE STORM AND SEWER LINE IN THE REAR ON 1048 SANKEY CT.
