permit_id,permit_type,work_description,segment_rows,within_evaluated_permit_type
DOMI-OP-2021-12399,OPENING,REPAIR GAS LEAKALLENDALE CIR (NATHAN WAY TO FELBINGER WAY),1,False
DOMI-OP-2022-06629,OPENING,NEIGHBORHOOD LEAD SERVICE LINE REPLACEMENTS,2,False
DOMI-OP-2020-07738,OPENING,CATCH BASIN REPLACEMENTSCATCH BASINS ARE NEAR THE END OF FERNLEAF ST NEAR THE INTERSECTION WITH WENKE ST.,2,False
DOMI-OP-2020-03164,OPENING,REPLACEMENT AND INSTALLATION OF SMALL DIAMETER WATER MAIN WITH SERVICE LINE REPLACEMENTS ON PUBLIC SIDE AND PRIVATE SIDE,2,False
DOMI-OP-2023-03220,OPENING,REPLACE EXISTING VALVEJOB COMPLETE,1,False
DOMI-OP-2021-00727,OPENING,NEW HYDRANTJOB COMPLETEHAMILTON AVE,1,False
DOMI-PL-2020-07023,POLE,POLE REPLACEMENT AND RELOCATION OF POLE TAGGED 269/P0,1,False
DOMI-OP-2021-14175,OPENING,INSTALL NEW MANHOLE.  THIS WORK IS IN COORDINATION WITH THE WATERLINE AND CATCH BASIN REPLACEMENT WORK.  RESTORATION WILL BE COMPLETED UNDER THE WATERLINE CONTRACT.,4,False
DOMI-OP-2020-04802,OPENING,MAINLINE WORK FOR IMPROVEMENT OF OPERATIONAL CONDITIONS (CM 9117)100 BLK RUSKIN AVE (BIGELOW AVE TO 5TH AVE),1,False
DOMI-SIDE-2026-06424,SIDEWALK REPAIR,REPLACE SMALL SECTION OF SIDEWALK AT FRONT OF HOUSE ON MARYLAND AVE  AND FULL LENGTH OF PROPERTY ON SIDE OF HOUSE ON ELLWOOD ST,1,False
DOMI-OP-2021-11826,OPENING,CATCH BASIN REPLACEMENTS. FORWARD AVEMURRAY AVE,2,False
DOMI-OP-2020-03556,OPENING,REPLACEMENT OF LEAD SERVICE LINES ON PUBLIC SIDE AND PRIVATE SIDETEMPORARY PATCH INSPECTED. MUST COMPLETE FINAL RESTORATION BEFORE 09/30/2021,8,False
DOMI-PL-2023-01362,POLE,DLCO TO REPLACE DETERIORATED POLE,1,False
DOMI-OP-2021-04575,OPENING,SIDEWALK OPENING PERMIT.,1,False
DOMI-OP-2021-11519,OPENING,CATCH BASIN REPLACEMENTS.,11,False
DOMI-OP-2021-09842,OPENING,EMERGENCY EXCAVATION TO REPAIR A BROKEN 20-INCH WATERLINE AT THE INTERSECTION OF SOUTH DITHRIDGE STREET AND HENRY STREET.,4,False
DOMI-OP-2021-15481,OPENING,REPAIR WATER MAINWBS # E24-2400-241106,1,False
DOMI-OP-2021-00910,OPENING,MAIN LEAKJOB COMPLETEDAWSON ST,2,False
DOMI-OP-2022-16934,OPENING,VALVE REPLACEDJOB COMPLETE,1,False
DOMI-SIDE-2023-02053,SIDEWALK REPAIR,REMOVE AND REPLACE CONCRETE SIDEWALK,1,False
DOMI-OP-2022-08832,OPENING,CATCH BASIN REPLACEMENTS.,2,False
DOMI-OP-2020-01173,OPENING,RAISE BURIED MANHOLE,2,False
DOMI-UOP-2026-07595,UTILITY OPENING,MAINLINE WORK ZEPHYR AVE PROJECT (CM 21776)THIS PERMIT AUTHORIZES PEOPLES NATURAL GAS COMPANY AND THEIR ASSIGNED CONTRACTORS TO COMPLETE THE WORK OUTLINED IN THE TRAFFIC OBSTRUCTION GRID BELOW ASSOCIATED WITH DOMI-UP-2025-14163.,3,False
DOMI-OP-2022-09798,OPENING,CORROSION,1,False
DOMI-OP-2022-12633,OPENING,EMERGENCY EXCAVATION TO REPAIR SEWER LINE ON LYCURGUS WAY ADJACENT TO 169 46TH STREET AND INVESTIGATE AND REPAIR SINK HOLE ASWELL AS MAPPING UNMAPPED SEWER ON LYCURGUS WAY AND CCTV-ING SEWER LINE.  AN ADDITIONAL EXCAVATION WILL BE MADE INFRONT OF 4610 PLUMMER STREET TO INSTALL A NEW MANHOLE.,3,False
DOMI-UOP-2026-07432,UTILITY OPENING,PENN AVE PHASE II CITY PROJECT - 1C THROUGH 1J,9,False
DOMI-PL-2022-06534,POLE,DLCO TO REPLACE DETERIORATED POLE,1,False
DOMI-PL-2024-01426,POLE,DLCO TO REPLACE DETERIORATED POLECOMCAST; VZ ATTACHED,2,False
DOMI-FR-2026-11232,FINAL RESTORATION,FINAL RESTORATION WORK TO BE COMPLETED THROUGHOUT POINT BREEZE.THIS PERMIT AUTHORIZES STREET AND/OR SIDEWALK RESTORATION WORK AS DETAILED IN THE TRAFFIC GRID BELOW.,11,False
DOMI-OP-2021-00332,OPENING,REPAIR GAS LEAK LINCOLN AVE (TENNIS ST TO LYRIC ST),1,False
DOMI-OP-2021-13914,OPENING,SEWER LINE REPAIR,1,False
DOMI-OP-2022-10989,OPENING,MAINLINE WORK FOR IMPROVEMENT OF OPERATIONAL CONDITIONS (CM 11019)7500 BLK KENSINGTON ST7500 BLK GRAYMORE RD500 BLK RICHLAND LN400-500 BLKS UNDERCLIFF RD,3,False
DOMI-OP-2020-06670,OPENING,MAIN LEAKJOB COMPLETE,1,False
DOMI-OP-2022-05512,OPENING,SHUT ABANDONED SERVICE LINEJOB COMPLETE,1,False
DOMI-OP-2022-03203,OPENING,MAINLINE WORK FOR IMPROVEMENT OF OPERATIONAL CONDITIONS (CM 13654)100-200 BLKS FT PITT BLVDFT PITT BLVD (ALONG 11 STANWIX ST)FT PITT BLVD (ALONG 1 SMITHFIELD ST)20 STANWIX ST10 WOOD ST,9,False
DOMI-OP-2022-12483,OPENING,PRIORITY LEAD SERVICE LINE REPLACEMENT,1,False
DOMI-UOP-2026-03568,UTILITY OPENING,WATER SERVICE LINE VERIFICATIONS AND LEAD SERVICE LINE REPLACEMENTS ON PUBLIC SIDE AND PRIVATE SIDE THROUGHOUT GREENFIELDTHIS PERMIT AUTHORIZES PITTSBURGH WATER - ENGINEERING AND THEIR ASSIGNED CONTRACTORS TO COMPLETE THE WORK OUTLINED IN THE TRAFFIC OBSTRUCTION GRID BELOW ASSOCIATED WITH GREENFIELD.,19,False
DOMI-GEN-2023-01313,GENERAL PERMIT,BRIDGE INSPECTIONS FOR6TH STREET BRIDGE (APRIL 10-MAY 2)7TH STREET BRIDGE (APRIL 10-MAY 2)9TH STREET BRIDGE (APRIL 10-MAY 2)IVORY AVENUE OVER MCKNIGHT ROAD  (AUG 1-31),3,False
DOMI-OP-2021-13864,OPENING,REPAIR GAS LEAK,1,False
DOMI-PL-2021-11699,POLE,PIT_LAWRENCEVILLE_0009_W2PIT_SQUIRREL_HILL_0037_W2 PIT_SQUIRREL_HILL_0057_W2,3,False
DOMI-OP-2020-00997,OPENING,REPLACEMENT OF LEAD SERVICE LINE ON PUBLIC SIDE AND PRIVATE SIDE,3,False
DOMI-GEN-2026-11071,GENERAL PERMIT,PARKING FOR ONE (1) 45' TOUR BUS ON 09/26 - 09/27/2026 ON 5TH AVENUE AT THE CORNER OF MARKET STREET.,1,False
DOMI-OP-2022-16443,OPENING,NEW TAP,1,False
DOMI-GEN-2026-02926,GENERAL PERMIT,"ON SUNDAY, APRIL 5-MONDAY, APRIL 6, ALL HOURS, WE WILL BE PARKING 5 PRODUCTION VEHICLES ON FORT DUQUESNE BLVD BETWEEN SIXTH STREET AND SCOTT PLACE, AND ON PENN AVENUE BETWEEN 8TH STREET AND MADDOCK PLACE AND ON TITO WAY BETWEEN PENN AVENUE AND LIBERTY AVENUE FOR THE LOAD OUT OF WATER FOR ELEPHANTS AT THE BENEDUM CENTER",2,False
DOMI-OP-2022-09244,OPENING,REPLACE VALVEJOB COMPLETE,2,False
DOMI-PL-2023-06689,POLE,DLCO TO REPLACE DETERIORATED POLE(WORK COMPLETE),1,False
DOMI-OP-2022-06242,OPENING,CATCH BASIN REPLACEMENTS.,1,False
DOMI-OP-2021-02078,OPENING,EMERGENCY RESTORATION OF CUSTOMER SERVICE,1,False
DOMI-OP-2022-05018,OPENING,CATCH BASIN REPLACEMENTS.,2,False
DOMI-OP-2022-10102,OPENING,CATCH BASIN REPLACEMENT.,1,False
DOMI-OP-2022-04868,OPENING,SERVICE LINE LEAKJOB COMPLETE,1,False
DOMI-SIDE-2020-01210,SIDEWALK REPAIR,TEAR OUT AND REPLACE A 90' LONG SECTION OF SIDEWALK,1,False
DOMI-OP-2020-01659,OPENING,REPLACEMENT OF 16-INCH VALVE.ADD SECOND VALVE REPLACEMENT.,1,False
DOMI-OP-2021-00931,OPENING,REPAIR GAS LEAK,1,False
DOMI-OP-2021-04008,OPENING,NEW SERVICEJOB COMPLETESTANTON AVE,1,False
DOMI-PL-2021-01825,POLE,REPLACE (2) VEHICLE IMPACTED POLES TAGGED 84/P13 AND 84/P14 IN RED BRICK R.O.W. RESTORE AS NECESSARY.,1,False
DOMI-SIDE-2020-07360,SIDEWALK REPAIR,"PLAN TO REMOVE AND REPLACE APPROXIMATELY 20 FEET OF SIDEWALK AND CURB IN FRONT OF RESIDENCE.  1326 SQ. HILL AVE.  PITTSBURGH, 15217 IN ORDER TO REPLACE SEWER, GAS AND WATER SERVICE.",1,False
DOMI-SIDE-2025-07435,SIDEWALK REPAIR,REPLACE A 32'L X 5'W DETERIORATING SIDEWALK AND DRIVEWAY APPROACH THAT HAS AN EXISTING CURB CUT.  THE HOMEOWNERS RECEIVED A SIDEWALK VIOLATION BY THE CITY. NO TREES INVOLVED.,1,False
DOMI-OP-2021-11393,OPENING,SOIL BORING ON EAST LIBERTY AVENUE,2,False
DOMI-OP-2022-04028,OPENING,MAINLINE WORK FOR IMPROVEMENT OF OPERATIONAL CONDITIONS (CM 17517)400-600 BKLS MELWOOD AVEDENVER STGOMEZ WAY,5,False
DOMI-PL-2023-11971,POLE,DLCO TO INSTALL ANCHOR ON VZ POLE. CITY REQUEST FOR HOMEWOOD PARK UPGRADEWORK COMPLETED,1,False
DOMI-OP-2021-00581,OPENING,EMERGENCY EXCAVATION TO REPAIR A BROKEN 18-INCH SEWERLINE (APPROXIMATELY 18' DEEP) AND MANHOLE NUMBER MH029E005.,1,False
DOMI-OP-2023-02708,OPENING,REPLACE CURB BOXWBS # R24-11H1.23-P-0001,1,False
DOMI-OP-2023-03804,OPENING,REPAIR 6'' WATER BREAK AND REPLACE 6'' VALVE,1,False
DOMI-OP-2021-02242,OPENING,ABANDON GAS SLRINNIE ST,1,False
DOMI-PL-2022-03215,POLE,DLCO TO REPLACE DETERIORATED POLE,1,False
DOMI-OP-2022-14014,OPENING,BROKEN CURB STOPJOB COMPLETE,1,False
DOMI-OP-2022-04793,OPENING,CIPP LINING BETWEEN UPSTREAM MH095L021 TO MH095L018 ON 2280 ALMONT,1,False
DOMI-PL-2020-07868,POLE,REPLACE (1) POLE WITH TAG 22/P1 ON S FAIRMOUNT ST DUE TO A FACILITY UPGRADE. RESTORE AS NECESSARY.,1,False
DOMI-OP-2020-07191,OPENING,REPAIR GAS LEAK (10083871)TEMPORARY PATCH INSPECTED. MUST COMPLETE FINAL RESTORATION BEFORE 9/30/2021,1,False
DOMI-OP-2022-00397,OPENING,CONTRACTOR TO REPLACE TWO INLETS AND ONE MANHOLE FRAME/COVER ON IOWA STREET,1,False
DOMI-OP-2020-02823,OPENING,REPAIR LEAK ON GAS MAIN LINE - 20-7900870-00,1,False
DOMI-OP-2022-12473,OPENING,PRIORITY LEAD SERVICE LINE REPLACEMENT,1,False
DOMI-GEN-2024-02753,GENERAL PERMIT,"ON SATURDAY APRIL 6, 2024 HEINZ HALL HAS AN ARTIST W/ 2 TOUR BUSES WHICH WILL NEED TO BE PARKED ON PENN AVE BETWEEN 6TH & 7TH STREET. FROM 6AM THRU MIDNIGHT. WE WILL NEED TO RESERVE THE NON BIKE LANE SIDE OF THE STREET AND THE WHOLE BLOCK FOR THE ENTIRE DAY",2,False
DOMI-OP-2021-00582,OPENING,EXCAVATION TO REPLACE CATCH BASIN NUMBER CB042P022 AT THE INTERSECTION OF SHERWOOD AVENUE AND CITADEL STREET.,1,False
DOMI-OP-2020-07772,OPENING,REPAIR GAS LEAK (1900P.GIBS)LELAND ST (HAWKINS ST TO N CHARLES ST),1,False
DOMI-OP-2020-05548,OPENING,REPAIR SANITARY LATERAL LINE AT THE SANITARY MAIN LINE,1,False
DOMI-PL-2024-01801,POLE,DLCO TOP REPLACE DETERIORATED POLESUNESYS; CROWN CASTLE; COMCAST ATTACHED,1,False
DOMI-OP-2022-14973,OPENING,"INSTALLATION OF NEW SANITARY LATERAL.  THE ADDRESS IS 5803 CENTRE AVE, PITTSBURGH, PA 15206",1,False
DOMI-OP-2023-03332,OPENING,MAIN REPAIRJOB COMPLETED,1,False
DOMI-OP-2020-06428,OPENING,MAIN BREAKJOB COMPLETE,1,False
DOMI-OP-2022-14642,OPENING,REPAIR WATER MAINWBS # R24-11C1.22-P-0001,1,False
DOMI-OP-2022-13337,OPENING,PRIORITY LEAD SERVICE LINE REPLACEMENT,1,False
DOMI-OP-2021-14878,OPENING,NEW TAP,2,False
DOMI-OP-2023-02698,OPENING,LOCATE VALVEJOB COMPLETE,1,False
DOMI-PL-2024-00525,POLE,DLCO TO REPLACE DETERIORATED POLEDQE COMM; COMCAST; LEVEL 3; VZ ATTACHED,1,False
DOMI-PL-2023-11186,POLE,DLCO REPLACING DETERIORATED POLE(COMCAST; VZ ATTACHED)MUST BE DONE AT NIGHT WHEN GIANT EAGLE IS CLOSED,1,False
DOMI-OP-2023-02376,OPENING,ELIMINATE OLD SERVICEWBS # R24-11H1.23-P-0001,1,False
DOMI-PL-2021-10530,POLE,REMOVE 2 STEEL POLES,2,False
DOMI-PL-2023-05795,POLE,REPLACING POLE DLS10407,1,False
DOMI-FR-2026-10923,FINAL RESTORATION,"FINAL RESTORATION TO BE COMPLETED ON CHARTIERS AVE, GIBSON ST, LORENZ AVE, MARLOW ST, UVILLA ST AND WILHELM ST AS PART OF PITTSBURGH WATER'S SMALL DIAMETER WATER MAIN REPLACEMENT PROJECT. THIS PERMIT AUTHORIZES STREET AND/OR SIDEWALK RESTORATION WORK AS DETAILED IN THE TRAFFIC GRID BELOW.",22,False
DOMI-PL-2024-17517,POLE,5 VERIZON POLE REPLACEMENT ALONG HARRIET ST,2,False
DOMI-GEN-2025-13557,GENERAL PERMIT,FOOD TRUCK PARKING - TRUCK HIRED BY WESTERN PSYCHIATRIC HOSPITAL FOR 11/19/2025 5AM - 2PM,1,False
DOMI-OP-2022-06332,OPENING,MAIN LEAKJOB COMPLETE,1,False
DOMI-GEN-2023-05560,GENERAL PERMIT,(1) BUS PARKING FROM 6/16/23-6/17/23 ON CORNER OF FORT DUQUESNE BOULEVARD AND 6TH STREET.,1,False
DOMI-OP-2021-11824,OPENING,CATCH BASIN REPLACEMENTS.,3,False
DOMI-OP-2022-09260,OPENING,DUG & LOCATE CURB BOXJOB COMPLETE,1,False
DOMI-OP-2021-02064,OPENING,MAIN LEAKJOB COMPLETE,1,False
DOMI-BR-2026-10587,BASE REPAIR,SCOPE OF RESTORATION VARIES BASED ON THE SITE. BASE REPAIR AND SIDEWALKS,10,False
DOMI-OP-2022-04139,OPENING,SHIFTED CURB BOXJOB COMPLETE,1,False
DOMI-OP-2022-08945,OPENING,REMOVE SERVICE LINE FROM SEWERE24-2400-241106,1,False
DOMI-OP-2023-00191,OPENING,ABANDON GAS SERVICE   56622-1357678-00,1,False
DOMI-OP-2023-00880,OPENING,NEW TAPBLVD OF THE ALLIES (FOR 300 HALKET ST - MAGEE HOSPITAL),1,False
DOMI-OP-2022-05629,OPENING,SHUT & CUT ABANDON SERVICE LINEJOB COMPLETE,1,False
DOMI-OP-2021-04768,OPENING,DISCONNECT GAS SERVICEBEDFORD AVE (SOMERS ST TO KIRKPATRICK ST),1,False
DOMI-OP-2022-04511,OPENING,EMERGENCY OPENING PERMIT FOR LEAKING FIRE LINE AT CRESCENT SUPPLY- 6301 BUTLER STREET 15201,1,False
DOMI-OP-2021-11093,OPENING,INDIVIDUAL CURB STOP EXCAVATION AND READJUSTMENT/REPLACEMENTTENNYSON AVE - FROM PARKMAN AVE TO BIGELOW BLVD,1,False
DOMI-OP-2023-01846,OPENING,VALVE REPLACEMENT,2,False
DOMI-GEN-2024-01796,GENERAL PERMIT,ZOTTOLA TO WORK ON ADA RAMPS ON BEHALF OF DOMI.SIXTH AVE AT WOOD ST.,1,False
DOMI-OP-2022-13343,OPENING,PRIORITY LEAD SERVICE LINE REPLACEMENT,1,False
DOMI-OP-2023-00516,OPENING,SURFACING LEAKJOB COMPLETE,1,False
DOMI-PL-2020-03182,POLE,INSTALL NEW POLE ON MADISON AVE.,1,False
DOMI-OP-2021-13219,OPENING,CATCH BASIN REPLACEMENT.,1,False
DOMI-OP-2020-03545,OPENING,4232 LYDIA ST EXCAVATE ROAD TO INSTALL NEW SEWER AND WATER LINE,1,False
DOMI-OP-2020-01543,OPENING,EXCAVATION TO REPAIR COLLAPSED SEWER ON IONIC WAY IN THE REAR OF 5816 CALLOWHILL STREET.,1,False
DOMI-PL-2021-05383,POLE,INSTALL POLE FOR NEW CUSTOMER SERVICE,1,False
DOMI-PL-2023-10365,POLE,REPLACE (1) POLE TAGGED 117/P7 LOCATED IN THE SIDEWALK ON LANDVIEW RD NEXT TO 6516 LANDVIEW RD AND AT THE INTERSECTION WITH LOMAR WAY. RESTORE AS NECESSARY.,1,False
DOMI-OP-2022-09603,OPENING,ABANDON GAS SERVICE   56622-9767389-00,1,False
DOMI-GEN-2025-07839,GENERAL PERMIT,FOOD TRUCK PARKING FOR 07/09/2025 8AM -4PM - TRUCK HIRED BY UPMC WESTERN PSYCHIATRIC HOSPITAL,1,False
DOMI-OP-2021-00797,OPENING,REPAIR GAS LEAK6105 & 6107 STANTON AVE,1,False
DOMI-OP-2020-02299,OPENING,URGENT LEAD LINE REPLACEMENT1414 BECKHAM STBECKHAM ST - FROM REUBEN ST TO LEONORA ST,1,False
DOMI-OP-2022-04494,OPENING,REPAIR GAS LEAK,1,False
DOMI-OP-2020-07553,OPENING,REPAIR GAS LEAK (1900P.WILK)S NEGLEY AVE (DUNMOYLE AVE TO FIFTH AVE),1,False
DOMI-OP-2020-06436,OPENING,REPLACEMENT AND INSTALLATION OF SMALL DIAMETER WATER MAIN WITH SERVICE LINE REPLACEMENTS ON PUBLIC SIDE AND PRIVATE SIDE,3,False
DOMI-SIDE-2022-15458,SIDEWALK REPAIR,FRONT SIDEWALK SECTION,1,False
DOMI-OP-2022-12723,OPENING,EMERGENCY EXCAVATION TO REPAIR 12-INCH WATERLINE INFRONT OF 1100 LIBERTY AVENUE.  CREW MOBILIZED TO SITE IN THE EVENING OF SEPTEMBER 12TH AND WILL CONTINUE WORKING UNTIL THE REPAIR IS COMPLETE.,2,False
DOMI-OP-2021-06351,OPENING,INSTALLATION OF NEW SANITARY SEWER LATERAL AT INTERSECTION OF RAILROAD ST.  THIS WORK WAS TO BE PERFORMED IN 2020 UNDER DOMI-OP-09462 HOWEVER THE RAILROAD DID NOT COMPLETE THEIR PORTION OF THE WORK IN THE TIME ALLOTTED.,1,False
DOMI-OP-2022-11925,OPENING,CATCH BASIN REPLACEMENT.,1,False
DOMI-OP-2020-06556,OPENING,NEW CURB BOXJOB COMPLETE,1,False
DOMI-OP-2021-11549,OPENING,MAINLINE WORK FOR IMPROVEMENT OF OPERATIONAL CONDITIONS (CM 20436)6637-6659 REYNOLDS ST,2,False
DOMI-OP-2020-00118,OPENING,REPAIR GAS LEAK (1900P.WILK)   20201150226  STREET (6' X 6'),1,False
DOMI-PL-2022-13607,POLE,DLCO TO REPLACE 2 30 DAY POLES*WORK ALREADY DONE*FOR RECORD PURPOSES ONLY,1,False
DOMI-OP-2023-00873,OPENING,VALVE REPLACEMENTJOB COMPLETE,1,False
DOMI-OP-2022-14687,OPENING,REPAIR GAS LEAKROETHLEIN WAY (ALONG 1117 SPRING GARDEN AVE),1,False
DOMI-OP-2020-03196,OPENING,HYDRANT REPLACEMENT (C214).  THE HYDRANT IS LEAKING AND CMU IS GETTING SOME WATER IN THE BASEMENT OF AN ADJACENT BUILDING.,2,False
DOMI-SIDE-2026-02251,SIDEWALK REPAIR,REPLACING DRIVEWAY APRON.,1,False
DOMI-OP-2023-03443,OPENING,SEWER TIE IN FOR 2 INDIVIDUAL RESIDENCES. IN ORDER TO EXPOSE THE SEWER LINE THE ROAD NEEDS TO BE OPENED IN FRONT OF A RESIDENCE.IT'S NOT LISTING WHAT ADDITIONAL INFORMATION NEEDS TO BE REVISED,1,False
DOMI-OP-2020-05333,OPENING,WE WILL BE PERFORMING 3 SOIL BORINGS ON BOUNDARY ST. THE BORINGS ARE APPROXIMATELY 8 INCHES IN DIAMETER.,2,False
DOMI-GEN-2023-00442,GENERAL PERMIT,"FILMING DAYNO PARKING ON SMITHFIELD BTWN 6TH ANDLIBERTY (WORK TRUCKS/CATERING)NO PARKING ON 6TH BTWN SMITHFIELD ANDTHE DUQUESNE CLUB (BIG TRUCKS/OVERFLOW)NO PARKING ON WM PENN PLACE BTWN7TH AND HALFWAY B/W STRAWBERRY & 6TH(EXTENDED THIS FROM PREVIOUS TIME AS TOAVOID TOWING CARS – WE ENDED UP NEEDINGMORE SPACE BUT CHOSE NOT TO TOW TEN CARSON 11/30/22)PREP1/11-13, 16-18 (WEEKDAYS ONLY)NO PARKING ON SMITHFIELD BTWNSTRAWBERRY WAY AND 7TH AVE1/13, 1/16-18(GRIP/ELECTRIC/SET DEC)NO PARKING ON SMITHFIELD BTWN 6TH AND 7THNO PARKING ON WM PENN PL BTWN 7TH ANDSTRAWBERRY WAY",8,False
DOMI-OP-2020-06240,OPENING,WATER SERVICE LINE REPAIR/REPLACEMENT,2,False
DOMI-OP-2022-13477,OPENING,LOCATE VALVEJOB COMPLETE,1,False
DOMI-OP-2020-04297,OPENING,"EXCAVATION TO  ABANDON EXISTING WATER MAIN SECTION, RELAY PORTION OF WATERLINE, INSTALLATION OF NEW SERVICE LINE CONNECTION AND INSTALLATION OF TWO NEW VALVES AND TWO NEW TEES.INFRONT OF 1016 BUENTE STREET.",1,False
DOMI-PL-2020-00183,POLE,"REPLACE 1 POLE 45' TO 50 ' , REAR OF PROPERTY ON WATSON STREET",1,False
DOMI-OP-2020-00603,OPENING,REPAIR GAS LEAK (1900P.WILK)S BRADDOCK AVE,1,False
DOMI-SIDE-2023-10039,SIDEWALK REPAIR,REPLACEMENT OF SIDEWALK BY REQUEST OF OWNER AT 2432 BEECHWOOD BLVD BETWEEN WALDRON AND CROMBIE STREETS.,1,False
DOMI-PL-2024-01251,POLE,DLCO TO REPLACE POLES FOR SERVICE UPGRADELEVEL 3 COMMUNICATIONS; ZAYO FIBER SOLUTIONS; SUNESYS (CROWN CASTLE);COMCAST ATTACHED,1,False
DOMI-OP-2022-12585,OPENING,INSTALL NEW CURB STOP  - WORK IS ALREADY COMPLETEDR24-11H1.22-P-0001,1,False
DOMI-PL-2022-03214,POLE,DLCO TO REPLACE DETERIORATED POLE,2,False
DOMI-GEN-2021-10639,GENERAL PERMIT,BUS PARKING FOR VIP GROUP STAYING AT THE FAIRMONT HOTEL. BUSES WILL PARK STARTING ON THE CORNER OF MARKET AND FIFTH STREET AND PARK DOWN FIFTH AVENUE. START DATE SEPTEMBER 2ND - 4TH AT 3PM. TOTAL OF 2 - 45FT BUSES,3,False
DOMI-OP-2021-08228,OPENING,EXCAVATION TO REPLACE CATCH BASIN NUMBER CB049S0248.  IN THE ROADWAY AT THE INTERSECTION OF HOWLEY STREET @ MAIN STREET (NORTHWEST CORNER OF THE INTERSECTION),1,False
DOMI-OP-2023-00334,OPENING,INSTALL A NEW WATER VALVE ALONG MORNINGSIDE AVE.,1,False
DOMI-GEN-2022-15982,GENERAL PERMIT,VALET PARKING AT JAY VERNO STUDIOSEVENT IS FOR CARNEGIE MELLON UNIVERSITY12/2/20224PM -11PMPARKING CARS ON SITE AND IN SOKOL CLUB PARKING LOT 2912 CARSON STREET 15203,1,False
DOMI-SIDE-2022-10472,SIDEWALK REPAIR,"REPLACEMENT OF APX 50 FEET OF SIDEWALK ON DUNSTER STREET. FROM BEGINNING OF DRIVEWAY DOWN TO BANTAM WAYWORK TO BE DONE BY: DECANO CONCRETE & CONSTRUCTION, PO BOX 847, PITTSBURGH PA 15136  412 377 1908",1,False
DOMI-OP-2020-07509,OPENING,NEW SERVICEJOB COMPLETE,1,False
DOMI-OP-2021-11910,OPENING,EMERGENCY CATCH BASIN REPLACEMENT.,2,False
DOMI-OP-2021-05820,OPENING,CATCH BASIN REPLACEMENTS MORRISEY ST FROM COLBY ST TO DEAD END.,1,False
DOMI-OP-2023-01056,OPENING,REPLACE EXISTING VALVEJOB COMPLETE,1,False
DOMI-OP-2020-07556,OPENING,NEW TAP (10083930)HIGH ST (EMANUEL ST TO HAUG ST),1,False
DOMI-OP-2020-06168,OPENING,"EXCAVATE (2) OPENINGS ON SILVER LAKE DR., 1 LOCATED ON STREET AND 1 IN THE GRASS. RESTORE AS NECESSARY.",1,False
DOMI-OP-2020-02766,OPENING,TEST HOLES (1X1 HOLES) TO BE EXCAVATED TO CONFIRM UNDERGROUND UTILTIES. THE THS WILL BE LOCATED IN THE STREET.,2,False
DOMI-OP-2021-09212,OPENING,"NEW WATER, GAS, AND SEWER LATERALS ALL NEED REPLACED UNDER THE CONCRETE SIDEWALK AND ASPHALT CART WAY.",2,False
DOMI-OP-2021-14288,OPENING,WATER SERVICE LINE REPLACEMENT,1,False
DOMI-GEN-2022-09058,GENERAL PERMIT,DESCRIPTION PROVIDED: PICKLESBURGH- JULY 16-17. RACHEL CARSON BRIDGE. ENTIRE 10TH STREET BYPASS INCLUDING RIVERWALK FROM PSP TO DLLCC; FT DUQUESNE BLVD CITY SIDE TURN LANE FROM 7TH ST ONTO RACHEL CARSON BRIDGE; CURB/PARKING LANE,3,False
DOMI-OP-2023-02588,OPENING,REPAIR GAS LEAK,1,False
DOMI-OP-2022-10193,OPENING,DISCONNECT GAS SERVICE,1,False
DOMI-PL-2022-01270,POLE,PIT_SHERADEN_006,1,False
DOMI-OP-2021-01365,OPENING,MAIN LEAKJOB COMPLETE,1,False
DOMI-OP-2023-03297,OPENING,DIG A 5'X7'X5' DEEP OPENING ON HAZELWOOD AVE IN THE ROADWAY 200' SOUTH OF VERIZON MH513 TO REPAIR BLOCKED CONDUIT. RESTORE AS NECESSARY.,1,False
DOMI-PL-2024-05056,POLE,DLCO TO REPLACE POLE FOR 3RD PARTY ATTACHER - CROWNCASTLECOMCAST; VZ ATTACHED,1,False
DOMI-OP-2020-08964,OPENING,NEW TAP (10084704)TEMPORARY PATCH INSPECTED. MUST COMPLETE FINAL RESTORATION BEFORE 9/30/2021.,1,False
DOMI-OP-2021-03345,OPENING,EMERGENCY EXCAVATION FOR A WYE REPLACEMENT.LYMAN ST,1,False
DOMI-OP-2022-06431,OPENING,CIPP LINING FROM UPSTREAM(MH095P017) TO (MH095P035) AT 2303 FAIRLAND ST WITH SHOT# 69,1,False
DOMI-OP-2022-16491,OPENING,NEIGHBORHOOD LEAD SERVICE LINE REPLACEMENTS,2,False
DOMI-OP-2020-06614,OPENING,REPAIR HOLE IN SEWER.TARRAGONNA ST,2,False
DOMI-SIDE-2020-04489,SIDEWALK REPAIR,"REPLACE EXISTING SIDEWALK, BRICK, WITH NEW CONCRETE AND CURB.",2,False
DOMI-OP-2022-07787,OPENING,NEW VALVE INSTALLEDJOB COMPLETE,1,False
DOMI-SIDE-2026-06294,SIDEWALK REPAIR,REPLACE A DETERIORATED CONCRETE SIDEWALK WITH A NEW SIDEWALK APRON OF THE SAME SIZE AND LAYOUT,1,False
DOMI-SIDE-2026-11060,SIDEWALK REPAIR,REMOVE AND REPLACE APPROXIMATELY 10' BY 5' CONCRETE SIDEWALK,1,False
DOMI-OP-2022-16603,OPENING,DISCONNECT GAS SERVICE,1,False
DOMI-OP-2021-00267,OPENING,MAIN LEAKJOB COMPLETE,1,False
DOMI-PL-2024-13039,POLE,REPLACE (1) POLE TAGGED 307/P2 LOCATED IN THE SIDEWALK ON GARDNER ST NEXT TO 1400 TROY HILL RD. RESTORE AS NECESSARY.PERMIT RESUBMITTED AS DOMI-PL-2024-04148 HAS EXPIRED.,1,False
DOMI-OP-2022-05058,OPENING,NEIGHBORHOOD LEAD SERVICE LINE REPLACEMENTS,2,False
DOMI-OP-2022-08613,OPENING,CURB BOX REPLACEMENTJOB COMPLETE,1,False
DOMI-OP-2021-15522,OPENING,GAS LINE REPLACEMENT PROJECT,4,False
DOMI-PL-2026-03836,POLE,DLCO TO REPLACE POLE FOR NESC CLEARANCE,1,False
DOMI-OP-2021-06534,OPENING,REPAIR GAS LEAK2ND AVE (WINSTON TO MANSION),1,False
DOMI-GEN-2025-06340,GENERAL PERMIT,(2) BUSSES PARKING ON FORT DUQUESNE BOULEVARD NEAR 6TH STREET FROM JUNE 8TH- JUNE 10TH.,1,False
DOMI-SIDE-2023-10978,SIDEWALK REPAIR,DEMOLITION OF VAULTED SIDEWALK.  INSTALL NEW SUPPORTING STEEL AND POUR NEW SIDEWALK AND INSTALL NEW GRANITE CURB.,1,False
DOMI-GEN-2025-04318,GENERAL PERMIT,VALET PARKING FOR CAPITAL GRILLE FOR EASTER TO LOAD AND UNLOAD GUEATS FROM 10AM - 5PM,1,False
DOMI-OP-2021-00398,OPENING,INSTALLATION AND REPLACEMENT OF SMALL DIAMETER WATER MAIN WITH SERVICE LINE REPLACEMENTS ON PUBLIC AND PRIVATE SIDE.SERVICES FOR ONEIDA ST ARE LOCATED ON META STSERVICE FOR BOGGS AVE IS LOCATED ON SMITH WAYMETA ST - FROM PLYMOUTH ST TO MERIDAN STMERIDAN ST - FROM VIRGINIA AVE TO BEAM WAYWESTWOOD ST - FROM WALDEN ST TO ALBERT STSMITH WAY - FROM BOGGS AVE TO WESTWOOD ST,8,False
DOMI-OP-2022-09271,OPENING,REPAIR WATER MAINWBS # R24-11C1.22-P-0001,1,False
DOMI-OP-2020-08199,OPENING,INDIVIDUAL LEAD SERVICE LINE REPLACEMENT,1,False
DOMI-OP-2021-08875,OPENING,CORROSIONS LANG AVE (ALONG 7100 CARD LN),1,False
DOMI-PL-2023-01359,POLE,DLCO TO REPLACE DETERIORATED POLE,1,False
DOMI-SIDE-2022-15520,SIDEWALK REPAIR,REPAIRING BAD SECTIONS OF SIDEWALK,1,False
DOMI-PL-2020-09179,POLE,INSTALL SIDEWALK ANCHOR,2,False
DOMI-PL-2025-02973,POLE,REPLACE (8) POLES TAGGED 510/P5 - 510/P12 LOCATED IN THE SIDEWALK ON S 12TH ST FROM THE INTERSECTION WITH SARAH ST TO THE INTERSECTION WITH BREED ST. RESTORE AS NECESSARY.,4,False
DOMI-OP-2021-08251,OPENING,REPAIR GAS LEAK,1,False
DOMI-OP-2023-00612,OPENING,"CUTTING 3FT WIDE, 7FT LONG, 9FT DEEP HOLE IN THE STREET AND 3FT WIDE, 3FT LONG, 9FT DEEP HOLE IN THE SIDEWALK TO ACCESS THE BUILDING SEWER AND REPAIR.",1,False
DOMI-SIDE-2021-14043,SIDEWALK REPAIR,REPLACE EXISTING SIDEWALK.,2,False
DOMI-SIDE-2020-06108,SIDEWALK REPAIR,REMOVAL AND REPLACEMENT OF EXISTING SIDEWALK,2,False
DOMI-OP-2022-15623,OPENING,259 N DITHRIDGE - WE HAD TO REPAIR A SEWER LINE THAT WAS LEADING TO THE STREET SO WE WILL BE RIPPING UP 3 INCHES DOWN AND PATCHING FROM CURB TO CURB WHERE MARKED ON THE ROAD.  APPROXIMATELY 450 SQUARE FEET.,1,False
DOMI-OP-2022-14681,OPENING,VARIOUS UTILITY CONNECTIONS AND TERMINATIONS ASSOCIATED WITH THE REDEVELOPMENT OF 625 N. HOMEWOOD AVENUE.,1,False
DOMI-SIDE-2025-15637,SIDEWALK REPAIR,SIDEWALK REPAIRS THROUGHOUT THE CULTURAL DISTRICT AS INDICATED ON THE SIDEWALK IMPROVEMENT PLANS SUBMITTED WITH THIS APPLICATION,13,False
DOMI-OP-2021-11968,OPENING,EMERGENCY CATCH BASIN REPLACEMENTS. LABELLE ST FROM W SYCAMORE ST TO POMONA WAY.  GRANDVIEW AVE FROM PJ MCARDLE ROADWAY TO AMABELL ST.,4,False
DOMI-OP-2020-00262,OPENING,REPLACEMENT OF LEAD SERVICE LINE ON PUBLC SIDE AND PRIVATE SIDE,1,False
DOMI-OP-2022-13000,OPENING,WILL REPAIR SEWER LINE AT CUSTOMER'S PROPERTY.,1,False
DOMI-SIDE-2022-09649,SIDEWALK REPAIR,40 LINEAL FEET OF CONCRETE CURB AT SIDEWALK TO BE REPAIRED AS REQUIRED.,1,False
DOMI-PL-2024-00376,POLE,DLCO TO REPLACE DETERIORATED POLEDQE COMM; COMCAST; VZ ATTACHED,3,False
DOMI-OP-2022-06478,OPENING,INSTALL HYDRANT & VALVEJOB COMPLETE,4,False
DOMI-OP-2023-01857,OPENING,REPLACE VALVE,1,False
DOMI-GEN-2025-04977,GENERAL PERMIT,WORK IS TO OCCUR INSIDE ALBERT “TURK” GRAHAM PARK LOCATED ON THE CORNER OF VINE STREET AND FORESIDE.,1,False
DOMI-GEN-2020-00426,GENERAL PERMIT,BRIDGE WASHING FOR PENNDOT ECMS 106389 BRIDGE WASHING 2019 CONTRACT,2,False
DOMI-SIDE-2024-03793,SIDEWALK REPAIR,REPLACE PORTIONS OF EXISTING SIDEWALK AT DRIVEWAY ENTRANCE DAMAGED BY GAS COMPANY REPAIR,2,False
DOMI-OP-2020-06278,OPENING,"INSTALLING 3"" CONDUIT ACROSS EUCLID AVENUE AS SHOWN ON THE ATTACHED PLANS.",2,False
DOMI-SIDE-2021-05524,SIDEWALK REPAIR,REMOVE AND REPLACE DAMAGED SIDEWALK FRONT AND SIDE OF RESIDENTS AT 1432 DAVIS STREET,1,False
DOMI-PL-2026-03193,POLE,PLACE 1 NEW POLE NEXT TO EXISTING STEEL POLE LOCATED IN THE SIDEWALK ALONG FORBES AVE AND TRANSFER 1 TERMINAL TO THE NEW POLE. RESTORE AS NECESSARY,1,False
DOMI-OP-2022-05785,OPENING,LOCATE CURB BOXJOB COMPLETE,1,False
DOMI-OP-2020-04107,OPENING,REPAIR OF GAS SL LEAKS DUNSTER ST,1,False
DOMI-OP-2020-07113,OPENING,GAS SL INSTALLATION704 WENZELL AVE,1,False
DOMI-OP-2021-10931,OPENING,CATCH BASIN REPLACEMENTS.,4,False
DOMI-PL-2022-07642,POLE,"REPLACE (1) POLE, TAGGED 350/P1, ON GREENBRIAR WAY, IN SIDEWALK WEST SIDE OF ROADWAY NEAREST INTERSECTION WITH ELLSWORTH AV.",1,False
DOMI-OP-2022-15809,OPENING,SERVICE LINE REPAIRJOB COMPLETE,1,False
DOMI-GEN-2023-02208,GENERAL PERMIT,"WE WILL BE PARKING 1 PRODUCTION VEHICLE ON 3/12 FROM 12AM TO 12AM 3/13ON THE EASTBOUND SIDE OF FT DUQ BLVD, FROM 6TH STREET TO BARKERS PLACE.",1,False
DOMI-OP-2023-01079,OPENING,"EXCAVATED POINT REPAIR ON AN 8"" SEWER LINE.",1,False
DOMI-OP-2021-13241,OPENING,GAS MAIN LINE REPAIR21-9468251-00,1,False
DOMI-OP-2021-01852,OPENING,EMERGENCY EXCAVATION TO REPLACE CASTINGS AND MANHOLE LID ON MANHOLE NUMBER MH049L019.  THE MANHOLE IS LOCATED IN THE MIDDLE OF THE INTERSECTION OF 42ND STREET AND GARDEN WAY.,1,False
DOMI-OP-2021-03194,OPENING,EMERGENCY REPAIR OF WATER MAIN BREAK.,2,False
DOMI-OP-2020-02418,OPENING,CONTRACTOR INSTALLING PERMANENT RESTORATION (PERMANENT CONCRETE BASE AND TEMPORARY ASPHALT SURFACE)    5657 STANTON AVENUE NEAR N ST. CLAIR STREET,1,False
DOMI-OP-2021-04048,OPENING,THE SIDEWALK NEEDS TO BE OPENED TO REPLACE THE WATER SERVICE FROM THE CURB SHUT OFF VALVE INTO THE HOUSE.,1,False
DOMI-OP-2021-00967,OPENING,ABANDON SL DUE TO INACTIVITY,1,False
DOMI-PL-2023-12837,POLE,DLCO TO REPLACE POLE FOR 3RD PARTY ATTACHED - AT&TDLC COMM; VZ ATTACHED,2,False
DOMI-SIDE-2022-04438,SIDEWALK REPAIR,REPLACE AND REPAIR CURB,1,False
DOMI-OP-2022-07094,OPENING,EXCAVATE AND REMOVE TEMPORARY ASPHALT PATCH ON ROBERTO CLEMENTE DRIVE AND INSTALL PERMANENT ASPHALT PER CITY STANDARDS. THIS WORK IS THE RESULT OF PREVIOUS INSTALLATION OF UNDERGROUND STEAM PIPING COMPLETED 12-21. PREVIOUS DOMI PERMIT NUMBER WAS 2021-07254,1,False
DOMI-PL-2023-06160,POLE,DLCO REPLACING DETERIORATED POLE,1,False
DOMI-OP-2023-03806,OPENING,REPLACE SERV. LINE,1,False
DOMI-OP-2020-02789,OPENING,RELOCATE GAS CURB VALVE.,1,False
DOMI-SIDE-2021-00553,SIDEWALK REPAIR,REMOVAL OF SIDEWALK DESIGNATED BY CITY OF PGH SO THEY CAN REMOVE TREE AND ROOTS. REPLACEMENT OF SIDEWALK.49 CLIFTON ST,1,False
DOMI-OP-2022-13400,OPENING,REPAIR WATER MAINWBS # R24-11C1.22-P-0001,1,False
DOMI-PL-2024-06609,POLE,REPLACE (1) POLE TAGGED 269/P25 LOCATED IN THE PAVEMENT ON DRESDEN WAY NEXT TO 5437 DRESDEN WAY AND RELOCATE IT 20' SOUTHWEST. RESTORE AS NECESSARY.,1,False
DOMI-OP-2020-05206,OPENING,REPAIR GAS LEAK ON GAS MAIN20-8413368-00,1,False
DOMI-OP-2022-14941,OPENING,REPAIR SINK HOLEJOB COMPLETE,1,False
DOMI-OP-2020-03562,OPENING,REPAIR BROKEN PIPE,1,False
DOMI-OP-2022-15474,OPENING,REPAIR GAS LEAK,1,False
DOMI-OP-2021-06403,OPENING,MAIN LEAKJOB COMPLETE,1,False
DOMI-OP-2021-01638,OPENING,MAIN LEAKJOB COMPLETEUNGER LN,1,False
DOMI-OP-2022-04328,OPENING,REPLACE EXISTING VALVEJOB COMPLETE,1,False
DOMI-OP-2021-06376,OPENING,CATCH BASIN REPLACEMENTWALNUT ST,1,False
DOMI-PL-2024-05132,POLE,"REPLACE (1) POLE TAGGED P18 LOCATED IN THE SIDEWALK ON SPRING ST, OPPOSITE 2513 SPRING ST.  RESTORE AS NECESSARY.",1,False
DOMI-OP-2022-13033,OPENING,REPAIR GAS LEAKJORDAN WAY (N EVALINE ST TO N PACIFIC AVE),1,False
